Toimittaja;Osto
0100100 SOLUTIONS OY;360.0
3D TALO FINLAND OY;6000.0
3STEP IT OY;29047.41
9LIVES KOTIPALVELUT OY;3668.0
9SOLUTIONS OY / OP;2187.66
A & O STEEL OY;2276.0
A & T HAAPANIEMI OY;2074.0
A&A OSA OY;742.79
A-INSINÖÖRIT RAKENNUTTAMINEN O;19429.36
A-INSINÖÖRIT SUUNNITTELU OY;25283.5
A-KATSASTUS OY;3844.92
A-TRAILER OY;6183.0
A. WENNSTRÖM OY;832.47
AB TOMAS KJELLMAN;294.21
ABB OY;25995.0
AC OULU OY/Trust-Laskutuspalve;5300.0
ACCOUNTOR FINAGO OY;800.0
ACTION ROAD TOP OY;291.93
ADALAR OY;224.3
ADENE OY;85.0
ADWORKS OY TURKU;82.2
AEL-AMIEDU OY;44704.0
AGATHA KODIT/KOULKORV;250.0
AGCO POWER OY;1705.78
AGCO SUOMI OY;109389.68000000002
AGRIPIHA AVOIN YHTIÖ;1230.0
AHAA VISION OY;4670.0
AHERTAVA OY;250.0
AHLSELL OY;73669.0
AHMAT RY;500.0
AIKOLON OY;160.0
AILA AIRO KAUNEUSPALVELUT KY;1252.0
AIMO PARK FINLAND OY;1652.4099999999999
AINO HEALTH MANAGEMENT OY;649.0
AIR LIQUIDE FINLAND OY;480.0
AIRTEC DANMARK A/S;3099.84
AIRWELL OY;803.0
AJ TUOTTEET OY AB;1737.28
AJ-KANGAS OY LÖYTÖ-PALA;157.12
AJH LOGISTICS OY;350.0
AJO-MOTOR OY /TRUST;2712.0
AJOKAISTA OY;1104.0
AJOVARMA OY;2156.0
AK TAUKO OY;16.0
AK UNELMAHERKKU AVOIN YHTIÖ;256.75
AKKULA OY;522.23
ALAKETO OY;16844.0
ALENIUKSEN PUUTARHA AY;295.06
ALINA/OULUNSEUDUN HOIVA OY;1680.0
ALKO OY;3929.78
ALKO OY AB;402.48
ALLTIME KIINTEISTÖHUOLTO OY;1280.0
ALLTIME SUOMI OY;64.0
ALMA MEDIA FINLAND OY;11347.88
ALPPILA BOWLING OY;61.82
ALTIA OYJ;1053.0
AMKE OY;3135.0
AMMATILLISEN KOULUTUKSEN;50.0
AMMATTILIITTY JYTY RY;384.0
AMMATTIOPISTO LUOVI OY OULU;25558.0
AMMATTIOPISTO SPESIA OY;6270.0
AMMATTIOSAAMISEN KEHITTÄMIS-;22000.0
AMUTEK OY;1128.4099999999999
ANEO SOFTWARE OY;9722.880000000001
ANFRA OY;2214.0
ANNELI STILL KY_x;960.0
ANON ASE JA TUKKU AY;100.0
ANRAK OY;690.0
ANTELL POHJOINEN OY;326.32
ANUCO OY;162142.74
ARCO ARCHITECTURE COMPANY OY;27284.92
ARCTIC CAREER OY;400.0
ARE OY;371881.57
ARE OY/KOULKORV;210.0
ARETAI OY;2100.0
ARITERM SERVICE OY;1490.0
ARJEN APURIT OY;492.0
ARKKIKALUSTE OY;1520.0
ARKKITEHTITOIMISTO HARMAINEN-M;657.72
ARKKITEHTITSTO JUSSI TERVAOJA;88058.57
AROTFENNO OY;571.44
ART TRANSMISSIES;680.0
ARTMAGON OY;600.0
ARVAL OY;14857.800000000001
ARVO KOVA OY;326.8
ARVO-HELAT OY;400.44
AS OY KEMPELEEN PIRILÄ;15000.0
AS OY OULUN SINKKIKUJA;18067.5
ASENNUS ANNUNEN OY;904.0
ASENNUS ROUSU OY;2808.0
ASENNUSSUUNTA OY;904.0
ASENNUSTUOTE OY;1114.0
ASFALTTIKALLIO OY;500.0
ASPOCOMP GROUP OYJ;160.0
ASUNTOKOLMIO OY;18618.4
ATEA FINLAND OY;232948.85
ATEXON OY;4341.4
ATK PIKATUKKU OULU OY;46.42
ATOY POWER OY /;7938.09
ATRIA SUOMI OY;89913.27
ATTENDO DONUM OY;420.0
ATTENDO KELLOKAS OY PÄÄTOIMIPA;1756.0
ATTENDO MARIAN KARTANO OY;420.0
ATTENDO MI-HOIVA OY;890.0
ATTENDO MI-HOIVA OY/KOULKORV;7736.0
ATTENDO OY;140.0
ATTENDO OY KOULKORV;12418.0
ATTENDO PEKKALAKOTI OY;2492.0
ATTENDO RAAHEN PALVELUKOTI OY;2008.0
ATTENDO TERAPIA OY;140.0
ATTENDO WILLA WANHA OY;280.0
AUDIN VERLAG GMBH;-56.0
AUTA LASTA RY;200.0
AUTIO OY  INFRAPALVELUT;1000.0
AUTO JO-TI OY;320.0
AUTO- JA KONEKORJAAMO MARJAKAN;211.49
AUTO-LEHTINEN OY;724.0
AUTOFIX1.COM OULU OY / Ropo;187.82
AUTOHUOLTO J. KIVELÄ OY;678.0
AUTOHUOLTO MIKSA OY;1592.6100000000001
AUTOKLINIKKA-YHTIÖT OY;498.26
AUTOKORI-JA AUTOMAALARIMESTARI;366.53
AUTOKORJAAMO NIKUNEN AY;2079.68
AUTONKULJETUS SJÖBERG OY;630.0
AUTOPALSTA OY;537.6700000000001
AUTOPARK METRA OU;1178.0
AUTOPELTIKORJAAMO K. PUDAS KY;1272.0
AUTOPURKAAMO ELORANTA OY;25.5
AUTOPURKAAMO KARJALAN PURKUPOJ;248.39
AUTOROBOT FINLAND OY;358.87
AUTOTARVIKE K & J OY;157.8
AUTOVARAOSA FIXUS OY;950.0
AUTOYHTYMÄ SOVA OY;460.0
AV PRODUCT OIKARINEN OY;47648.130000000005
AVANT TECNO OY;2393.81
AVARN Security Oy;200.0
AVECOR OY;985.5
AVESCO OY;101130.0
AVOIN YHTIÖ VELJEKSET JUNTUNEN;984.0
AWUTEK OY;135.0
AXICO OY;2107.26
AXIELL FINLAND OY;1189.43
AXXELL UTBILDNING AB;120.0
AY RAVINTOLA RUSKON BAABEL;210.88
B2 IMPACT OY;43.48
BALANCE OFFICE SOLUTIONS OY LT;29.97
BALLOON HOUSE OY;1080.01
BARENTZ FINLAND OY;884.59
BARONA PRODUCTION OY;678.0
BASWARE OY;1129.8
BAU-MET OY;124.0
BAUHAUS & CO.KY/OULU;1151.33
BCC SOLUTIONS OY;3062.7999999999997
BDO OY;23705.64
BE GROUP OY AB;6857.320000000001
BEIJER ELECTRONICS OY;3949.0
BELAKON PINNOITE OY;678.0
BERNER OY;15741.23
BETASÄHKÖ OY;2192.0
BILTEMA SUOMI OY / KEMPELE308;1965.66
BIOVAAKA OY;1195.2
BLC TURVA OY;1870.95
BLICKLE OY;144.44
BLT AMMUNET OY;15149.05
BOLIDEN KEVITSA MINING OY;1176.0
BOOKY.FI OY;105.27
BOS TAURUS OY;2962.32
BOSCH REXROTH OY;47012.99
BOSNA OY;439.05999999999995
BOULIS OY;1100.1399999999999
BPW KRAATZ OY;1419.6100000000001
BRAND ID OY;641.6
BRANG OY;1774.96
BRAVIDA FINLAND OY;3858.0
BRIGHTPLUS OY;480.0
BROAD SCOPE MANAGEMENT CON. OY;21999.879999999997
BROCOVER OY;226.0
BRÄNDIUNELMIA NYT;700.0
BUILDERCOM OY;51524.81
BUNGALOWPARK HET VERSCHOLEN DO;4664.8
BUSINESSOULU LIIKELAITOS;23182.46
BUSRENTFINLAND OY;15000.0
BV-METALLI OY;24395.22
BYSTRONIC SCANDINAVIA AB;216.7
C&Q SYSTEMS OY;6706.46
C. E. LINDGREN OY;11000.0
CAB GROUP AB;1000.0
CACTOS OY;2802.0
CADWORKS OY;875.0
CAFE ROOSTER OY;852.71
CAMCUT OY;12214.67
CAMP SCANDINAVIA OY;323.59
CANON OY;1643.11
CAPSE OY;360.0
CARDPLUS OY;241.0
CAREER PARTNERS OY;607.0
CARELSOFT OY;480.0
CARGOTEC FINLAND OY;2289.0
CARLACOM OFFICE OY;7737.17
CARROT RAKENNUS OY;160.0
CARUNA OY;2734.31
CATELLA PROPERTY OY;4500.0
CAVERION INDUSTRIA OY;400.0
CAVERION SUOMI OY;496646.56
CENIC FINLAND OY;1500.0
CERUUS OY;210.0
CGI SUOMI OY;7255.51
CHEMPOLIS OY;560.0
CHEZ MARIUS OY;841.04
CHG-MERIDIAN FINLAND OY;18477.35
CHILLER OY;13899.06
CHOCOSOMNIA OY;42.11
CINIA OY;7646.43
CLAS OHLSON OY;410.86
CLOUDIA OY;47261.0
COMBI COOL OY AB;1012.75
COMMUNICATION PRO OY AB;5940.0
COMPASS GROUP FINLAND OY;719709.6
COMPUTER PROGRAM UNIT OY;51270.09
CONDAIR OY;2437.27
CONLOG OY;4452.0
CONSTI KORJAUSRAKENTAMINEN OY;662.0
CONSULT LADY KY;628.86
COPART SUOMI OY;12923.67
CORA REFINISH OY;46969.6
CORONARIA CAJANUKSENTIENKOTI O;496.0
CORONARIA OY;1460.0
COSS RY Suomen avoimen tietoj;3240.0
CRAMO FINLAND OY;2201.08
CRAYON OY;198828.6
CREATENERGY OY;1020.32
CRNET OY;2150.0
CRS LABORATORIES OY;960.0
CUTRIN OY;1723.74
DA-PU HAUTAUSPALVELU OY;42.0
DAHL SUOMI OY;106153.89
DAT-SCHAUB FINLAND OY;39.91
DATADRIVERS OY;12998.85
DAYTON OY;23.86
DE GAMLAS HEM RESORT OY;771.9300000000001
DE LAVAL OY AB;29845.01
DECANTER OY DECANTER FINLAND;48.39
DEFONDO OY;100.0
DEKO MEDTECH OY;225.9
DEKRA INDUSTRIAL OY;669.28
DELTA AUTO OY;226.0
DELTABIT OY;234.25
DENSTAL OY;440.0
DEPEND COSMETIC OY;531.28
DESIGN INSPIS OY;150.0
DESTO OY;226.0
DEVOCA OY;5217.95
DIAGNO FINLAND OY;15997.85
DIETA OY;32980.23
DIGI- JA VÄESTÖTIETOVIRASTO;1000.0
DINAIR CLEAN AIR OY;85740.5
DINOX SPORT OY;103.14
DISAR OY;5987.14
DISCOLAND OY;135.92
DITER OY;485.87
DNA OY;103011.41
DNA OYJ;1268.49
DNA WELHO OY;2249.82
DOGSTOP OY;175.62
DOKUMENT-TARRA OY;3635.3599999999997
DOMUS CLASSICA OY;97.98
DRINK CONSULT FINLAND OY;126.04
DRÄGER SUOMI OY;630.21
DS-DESING SYSTEMS OY;990.0
DUNI OY / II;49559.5
DUO INTERIOR OY;21178.0
DUSTIN FINLAND OY;65406.57
DYNAMO OULU RY;450.0
E K GROUP OY;1176.0
E.AHLSTRÖM OY;7869.95
E.HARTIKAINEN OY;562.0
EASY ACCESS OY;1883.16
ECOLAB OY AB;384.0
ED-MARK OY;136.29999999999998
EDEN SPRINGS OY FINLAND;4175.78
EDENRED FINLAND OY;929.21
EDILEX LAKITIETO OY;506.0
EDITA OPPIMINEN OY;113.55
EDITA PUBLISHING OY;1667.74
EDU-SIGNAALI OY;6617.61
EDUHOUSE OY;12231.0
EEPIKO KY;224.0
EERO SJÖRGEN OY;492.0
EEROLA YHTIÖT OY;6223.51
EFFECTIO OY;210.0
EFVET CENTRAL OFFICE;1410.0
EG SOFTWARE FINLAND OY;9795.72
EHKÄISEVÄ PÄIHDETYÖ EHYT RY;1560.0
EKOVILLA OY;880.0
ELBIO KY;188.16
ELECTRIC POWER FINLAND OY;2400.0
ELECTROLUX PROFESSIONAL OY;6600.0
ELECTUDE INTERNATIONAL BV;4600.0
ELEHUOLTO OY;991.9000000000001
ELEMED OY;412.6
ELGOOD OY;814.85
ELISA OYJ;15571.69
ELPAC OY;30.0
ELTEL NETWORKS POHJOINEN OY;890.0
ELVAK SERVICE OY;8962.14
ELVERA OY;2470.0
ELÄINTEN TERVEYS ETT RY;35.0
ELÄMYS TRAVEL DESIGN OY;17723.81
EMS CONSULTING OY;135.01
ENENDE OY;112.28
ENERGIA VALTTI OY;250.0
ENERGIAVIRASTO;3000.0
ENTISÖINTITYÖ KAUPPILA KY;241.94
EPASSI FINLAND OY / EPASSI PAY;202825.01
EPIC AUTOKOULU OY;77681.37
EPTA FINLAND OY;600.0
EQUIPEOPLE LTD;1225.0
ER-PAKKAUS OY;4733.88
ER-WO OY;560.0
ERASMUS LEARNING ACADEMY S.L.U;2540.0
ERGO PRO OY;4200.01
ERGONOVITA OY;241.13
ERIKSSONS VERKSTAD AB;199.03
ERILAISTEN OPPIJOIDEN LIITTO R;230.98000000000002
ERISTYSAPU OY;16.0
ESPERI CARE OY;4582.0
ESPERI CARE OY/KOULUTUSKORVAUS;204.0
ESPERI HOIVA 1 OY;3356.0
ESTA OY;359.0
ETELÄ-SAVON KOULUTUS OY;1219.1100000000001
ETELÄ-SUOMEN ALUEHALLINTOVIRAS;1415.0
ETELÄN HOUSE&POINT&LUX OY;495.66
ETRA OY;63301.76
EURAN ERIKOISPAPERIT OY;110.96
EURO PROFESSIONAL CONSULT. OY;3343.44
EUROCULTURA SRL;1870.0
EUROFINS AHMA OY;1186.0
EUROFINS EXPERT SERVICES OY/;741.0
EUROFINS NAB LABS OY;960.0
EUROFINS VILJAVUUSPALVELU OY;1211.75
EUROKANGAS OY;6400.7699999999995
EUROPASS ACADEMY BARCELONA;480.0
EUROPASS BERLIN BERATUNGS-;960.0
EUROPRESS GROUP OY;1081.0
EUROREGION RY_x;800.0
EVENTWORKS OY;240.0
EXPOMARK OY;3641.0
F-MUSIIKKI OY;49.92
F-SOLUTIONS OY / Ropo;33.6
FABA OSK;16203.06
FACTOR NOVA OY;828.3
FAMILAR OY;490.0
FARNELL OY AB;7858.009999999999
FC KURENPOJAT RY;1600.0
FCG FINNISH CONSULTING GROUP O;5559.0
FEDEX EXPRESS FINLAND OY;100.16
FEEDBACK OY;1616.98
FEELIA OY;226.0
FENNIA KESKINÄINEN VAKUUTUSYHT;6358.0599999999995
FESTO OY;24767.0
FIBROC OY;364.6
FIBUS OY;46158.37
FIDELIX OY;22010.52
FIN-TERPUU OY;392.0
FINCLOUD OY;5760.0
FINDOGS OY;495.2
FINN SPRING OY;400.0
FINNBAKELS OY;1000.41
FINNISH ECOCOACHING ACADEMY OY;9960.0
FINNKONE OY;3263.0
FINNPARTTIA OY;124.28999999999999
FINNSAT OY;24095.95
FINNSERI OY;14374.3
FINNTENSID OY;37704.35
FINNTEST OY;131.3
FIXUREMPPA OY;1080.1399999999999
FLAGMORE OY;1204.0
FLEXTRA OY;776.0
FLOWPLUS OY;12811.57
FLUICONNECTO OY;309.94
FONECTA OY;1980.0
FOODIUM OY;350.0
FOREST NEVANPERÄ OY;2460.0
FOTOMYLLY OY;550.0
FOTONORDIC OY;4187.91
FREDMAN PERFECT KITCHEN OY;2366.5
FRONERI FINLAND OY;894.08
FSM OY FONEL SECURITY MARKETIN;7136.0
FUJITSU FINLAND OY;4500.0
FULL HOUSE REAL ESTATE GMBH;4271.9
FUSTI OY;449.28
FUTURSOFT OY;3037.15
FYSIOLINE OY;18271.19
FYSIOSTORE OY;7110.0
G.W. BERG & CO AB;439.0
GANE OY;5098.47
GASMAN OY;1048.6
GASUM OY;518.1
GBT FINLAND OY;88717.85
GENANO FIN OY;89170.0
GENEXIS FINLAND OY AB;19654.48
GENIMATE OY;2090.0
GEOBOTNIA OY;66939.58
GERONTOLIGINEN RAVITSEMUS GERY;45.0
GETINGE FINLAND OY;18698.0
GIGANTTI OY;15316.03
GLO HOTELLIT OY;507.06
GO ARCTIC OY;3882.09
GRADE SOLUTIONS OY;16939.63
GRANLUND OY;29608.5
GRANO OY;18109.079999999998
GREEN MASTER OY;152.8
GREENLED OY;648.0
GRENKELEASING OY;10649.24
GROGNARD OY;72.43
GT MUSIIKKILUVAT OY;1136.64
GÖREME PIZZA KEBAB OY;778.37
H2 OULU OY;904.0
HAAHTELA-KEHITYS OY;99958.08
HAAPAJÄRVEN LÄMPÖ OY;450.0
HAAPALEHDON KATSASTUS OY;13707.43
HAAPAMÄEN HÖYRYVETURIPUSTO OY;450.0
HAAPAVEDEN OPISTON KANNATUS-;25674.0
HAILI OY;2480.2200000000003
HAIPELI OY / PAINOMIEHET;160.0
HAIRMAIL OY;116.94
HAKA CENTER OY;2601.89
HAKALANTIEN KORJAAMO OY;1492.0
HAMK AKATEMIA OY;235.0
HAMMARIN SÄHKÖ OY;82.36
HAMMAS-SAMPO OY;480.0
HAMMASVÄLINE OY;1169.08
HANKKIJA OY;62553.770000000004
HANNUN KALUSTEVERSTAS OY;2712.0
HANPOWER BOILERS OY;1582.0
HAPPOWA OY;557.0
HARMAA KISSA OY;1625.74
HARTIKAINEN YHTIÖT OY / ARVATO;820.95
HARTWALL OY AB;3282.0
HAUKIPUTAAN HEITTO RY;600.0
HAUKIPUTAAN KOTIHOIVAPALVELUT;3650.0
HAUKIPUTAAN PALLO RY;1500.0
HAUKIPUTAAN SÄHKÖOSUUSKUNTA;163320.16999999998
HAUKIPUTAAN TAITTO OY;152.99
HAUKIPUTAAN TUORETUOTE JA KUKK;613.07
HAUKIPUTAAN VARAOSAKESKUS;2770.88
HAUKIPUTAAN VÄRI OY;5904.59
HAUKIRAVINTOLA OY/SAMANTTA HOT;303.07
HAURUN JÄTE-AUTO OY;984.0
HAVERINEN LOGISTICS OY;4669.4
HEALTHVISOR OY;5108.72
HEAVY PARTS AGENT OY/TRUST;6748.28
HEAVY RAKENNE OY;518.06
HEDENGREN SECURITY OY AB;1381.84
HEIKKINEN & PULJULA OY;411.0
HELI ROVANIEMI OY ROVANIEMI;5636.0
HELSINGIN KAMARI OY;530.0
HELSINGIN KAUPUNKI;4020.0
HELVAR OY AB;3150.0
HENKILÖ- JA YRITYSARV. SETI OY;4126.0
HENKILÖSTÖJOHDON RYHMÄ-HENRY;280.0
HENKILÖSTÖPALVELU PIKASSO OY;2008.0
HEPACON OY;88423.02
HERCULES JUNIORIT RY;3575.0
HERIMED OY;13750.0
HERO SAFETY OY;33794.47
HEXAPLAN OY;1507.0
HH OJANPERÄ OY;722.0
HIIHTOKESKUS ISO-SYÖTE OY;1464.91
HILLA GROUP OYJ;15760.0
HILPRO HUOLTOUKOT OY;2858.0099999999998
HILTI (SUOMI) OY;1118.21
HINAUSKESKUS POHJANMAA;351.4
HIRSITUOTE HAAVIKKO OY;320.0
HISSI SERVICE OY;4995.0
HISSIPALVELUT HENRY ANTTILA OY;5465.6
HKSCAN FINLAND OY;144421.44
HL GROUP OY;13053.76
HLR-HJÄLPEN STOCKHOLM AB_x;603.21
HODARI AUTO OY;1052.63
HOHTO SÄHKÖ OY;1100.0
HOITOLA HÖYHEN OY KALAJOKI;20.0
HOIVA HILLA OY;1820.0
HOIVA MEHILÄINEN OY ONNIKOTI M;432.0
HOIVAHOITO ILLIKAINEN OY ALINA;1896.0
HOIVAKOTI SUVANTO OY PÄÄTOIMIP;1080.0
HOIVAKYMPPI OY;356.0
HOIVAPALVELUT YSTÄVYYDELLÄ OY;2240.0
HOIVATIE OY;6712.0
HOLIDAY CLUB RESORTS OY;130.64
HOLSTINMÄEN AUTOHUOLTO OY;1620.0
HOLSTINMÄEN AUTOLASI OY;645.17
HOMEMAP OY;420.0
HONGISTO OY;3178.55
HONKAJOKI OY;740.2
HOSMED OY;1972.21
HOSTEL IM MEDIZINERVIERTEL;2574.0
HOSTINGPALVELU / PLANEETTA INT;1101.43
HOTEL HYVINKÄÄ OY;120.92
HOTEL SANTA CLAUS OY;2318.67
HOTELLI HERKKO;195.79000000000002
HOTELLI ISO-SYÖTE /;1871.85
HOVILAN PALVELUYHDISTYS RY;636.0
HOWSPACE OY;8000.0
HUHTALAN AUTO JA VARAOSA AY;88.71
HULKSEN AVOIN YHTIÖ;678.76
HUMANA HOIVA OY;448.0
HUMANA UULA OY;910.0
HUOLTAMO JA KAHVIO KJELLMAN KY;838.0
HUOLTIA OY OULU;702.0
HUOVISEN LEIPOMO MAIKKULA;8993.0
HUSKY WORLD OY;648.0
HUUMOLA NATURE OY;276.0
HUVIVUOKRA OY;304.62
HVM ENERGY OY;1400.0
HYDRO-KEMI HK OY;335.1
HYDROSCAND OY;53.37
HYXO OY;1835.85
HYÖTYKASVIYHDISTYS RY;124.50999999999999
HÄMEEN AMMATTIKORKEAKOULU OY;5352.25
HÄMEEN VALTATIERAVINTOLAT OY;230.19
HÄTÄKESKUSLAITOS;1392.48
HÄTÄLÄ OY / KOULKORV;2344.0
HÄTÄLÄ OY/II;53371.12
IDHAIR FINLAND OY;4127.0
IHME-3D OY;432.0
IIN AUTOMAALAAMO OY;2174.0
IIN HERKUTTELUHETKI OY;105.79
IIN JÄTEHUOLTO PAAKKOLA OY;492.0
IIN KONEPAJA OY;960.0
IIN KUNTA;1490.0
IIN KUNTA IIN VESILIIKELAITOS;150.0
IIN METSÄTYÖ OY;2952.0
IIN TAKSIKYYTI OY;201.27
IIN VUOKRATALOT OY;550.0
IIROCO OY;383.65999999999997
IISITEC OY;2712.0
IISY OY;16061.93
IKH RETAIL OY;7251.17
ILECTRIC OY;452.0
ILONA IT OY;3000.0
IMAGE WEAR OY/OP YRITYSPANKKI;45992.62
IMI HYDRONIC ENGINEERING OY;930.0
IMPORT JL-TEC OY/VUOKON KUKAN;160.0
INCAR OY;3616.0
INF COMPANY AB;170.7
INFRAKIT GROUP OY;140.0
INNOKAS MEDICAL OY;648.0
INSINÖÖRITOIMISTO REITEK OY;55.44
INSIRA OY;385.68
INSPECTA OY;250.0
INSPECTA SERTIFIOINTI OY;823.0
INSPECTA TARKASTUS OY;6620.51
INSPECTOR SEC OY / TRUST;20940.04
INSTITUT D'EDUCACIO SECUNDARIA;14000.0
INSTRU OPTIIKKA OY;1421.21
INTERRENT OY;955.39
INTERSPORT FINLAND OY;500.0
INTRUM OY;13.52
INVALIDISÄÄTIÖ;2000.0
INVERA OY;4528.0
INVIAN OY OULU;770.0
IS-VET OY / LÄHIRAHOITUS OY;348.07
ISCAR FINLAND OY;3585.5
ISKU INTERIOR OY/ SVEA;67286.92
ISLACAT EDU OY;150.0
ISOPROTO OY;1379.3
ISS PALVELUT OY;2644402.27
ISS PALVELUT OY / KORKO / KOUL;4662.0
ISTEKKI OY;70.0
ITR FINLAND OY;373.6
ITÄ-UUDENMAAN HYVINVOINTIALUA;216.0
IVALON TAIMITUPA KOMMANDIITTIY;200.0
J&M ORJASNIEMI AVOINYHTIÖ;1176.0
J.T URAKOINTI OY;3444.0
JAMIX OY;11982.4
JANLA OY;1885.0
JANNIS OY;246.0
JARKIMO OY;30042.43
JENIRA CONSULTING OY;8150.0
JEPERTON OY PUDASJÄRVI;648.0
JET-RASILA OY;400.0
JH-KONEMARKKINOINTI OY;2165.02
JHP-LAATOITUS OY;1598.0
JIMM´S PC-STORE OY;294.88
JJ-NET GROUP OY;665.0
JK TÄHTI RAKENNUS OY;1130.0
JL MACHINE OY;3438.43
JL MONITYÖ OY;2420.0
JMC ENGINE OY;1436.0
JMC TERÄSPALVELU OY;494.43
JMK INFRA OY;492.0
JOENSUUN KUSTANNUS OY /;5248.0
JOHN DEERE FORESTRY OY;77215.88
JOKI ICT OY;560.0
JOKILAAKERI OY;918.42
JOKILAAKSOJEN KOULUTUSKUNTAYHT;320.0
JOLLAS89 KOKOUS- JA JUHLATALO;201.49
JOUKO PELTONIEMI OY;80.0
JOUSTAVA MIELI OY;4102.0
JP AUTOMAALAAMO OY;1155.3799999999999
JP SAMPEC OY;200.0
JP-MATIC OY;426775.66
JPJ-PALVELUT OY;936.0
JR-AUTOCENTER OY;1200.0
JS MATKAT OY;820.0
JS-AUTOMOTO OY;2182.0
JSA-SYSTEMS OY;1130.0
JTE-SIJOITUS OY;1914.0
JTS PIPE OY;694.0
JUHAN AUTO OY;11110.15
JUHAN AUTOMAALAAMO OY;1224.0
JUKO RY / ROPO;192.0
JULIUS OFÖRSAGD COMPANY OY;27745.03
JULKISTEN JA HYVINVOINTIALOJEN;96.0
JUNECAR OY;1064.0
JUNIPERUS COMPANY OY;80.0
JUNNIKKALA OY;1250.0
JUPERI OY;1480.0
JUSSI LJK OY/FINNWILD RIISTA;491.7
JUURUSSUON AUTOHUOLTO OY;678.0
JUUSON AUTO OY;2486.0
JYSK OY;679.63
JYVÄSKYLÄN AMMATTIKORKEAKOULU;365.0
JYVÄSKYLÄN KOULUTUSKUNTAYHTYMÄ;2313.0
JÖRÖ-JUKKA OY;100.0
K-S TURVAMIEHET OY;193.55
K-SUPERMARKET KEMPELE;199.17
K. SÄIKKÄLÄ OY;2000.0
K.A.RASMUSSEN OY;7298.45
KAARAKATSASTUS KP OY/PUDASJÄRV;55.78
KAARIKKA SANEERAUS OY;2925.95
KAHVIKUMPPANIT OY;87.0
KAIKO OY;782.64
KAILATEC OY;7829.929999999999
KAINUUN ENERGIAHUOLTO KUVAJA O;3881.29
KAINUUN TERÄHUOLTO OY;943.26
KAIREST OY;5288.51
KAJAANIN MAMSELLI-LIIKELAITOS;45.3
KAJAANIN METSÄKONEHUOLTO OY;4398.24
KAJAANIN SOTILASKOTIYHDISTYS R;420.0
KAKSOIS-ELOKUVAT KY;4697.86
KALAJOEN KYLPYLÄHOTELLI SANI;343.77
KALENTERIPISTE T. OJA KY;1068.57
KALEVA365 OY;47005.62
KALEVA365 OY/II;2263.93
KALEVI MALINEN OY;889.25
KALUSTEPALETTI OY;4031.36
KAMROCK OY;6672.0
KANKAAN TILA OY;492.0
KANKAANPÄÄN AUTOPURKAMO OY;1270.01
KANSAKOULUN TILA OY;492.0
KANSALLISKUSTANNUS OY;26.36
KARENTIA OY;432.0
KARILASSI OY;98.0
KARIPLAST OY;1102.22
KARJALAINEN & LAUKKANEN OY;3192.0
KARJALAINEN SERVICE OY;1184.0
KARL FISHER GMBH;782.39
KARTANONVÄKI OY;1720.0
KASVISHOVI OY;170230.96
KASVISHOVI OY / KOUL;4339.28
KATIN KOSMETIK OY;736.4200000000001
KATTOTUTKA OY;1808.0
KAUPPAPUUTARHA KUKKIVA KUNNAS;210.0
KEHITYSPARTNER PIRJO HAIKOLA K;3136.0
KEHITYSVAMMALIITTO R.Y.;956.0
KEKÄLE OY;207.0
KELLOLA ROCK OY;22369.81
KELTALAN KONEPALVELU KY;1372.0
KEMIN AUTOPALVELU OY;420.0
KEMIN SEURAKUNTA;160.0
KEMINMAAN AUTOJUSSIT OY;200.8
KEMINMAAN PUURAKENNE OY;8324.85
KEMIRA CHEMICALS OY;1808.0
KEMIRA OYJ OULU;880.0
KEMPELEEN AUTOKLINIKKA OY;2210.0
KEMPELEEN KOJEISTOTUOTE OY;2386.25
KEMPELEEN KONEHUOLTO OY;97.82
KEMPELEEN KUNTA;55405.62
KEMPELEEN SIIRTOKULJETUS OY;4656.53
KEMPELEEN VESIHUOLTO OY;42255.15
KEMPPI OY;4742.74
KERAVAN ENERGIA OY;900341.42
KERKO GROUP OY;317.56
KESKI-POHJANMAAN KOULUTUSYHTYM;1903.87
KESKI-UUDENMAAN KOULUTUSKUNTAY;1406.44
KESKINÄINEN VAKUUTUSYHTIÖ TURV;2700.0
KESKO OYJ;689512.03
KESKO OYJ/K-CITYMARKET;2637.02
KESTOOLS OY;866.98
KETTUMÄKI OY;6748.0
KEVA;11292890.51
KEYSTONE EDUCATION GROUP OY;17149.96
KH-NUOHOUS OY;84.66
KI-SAL OY;1670.96
KIEHISET OY;246.0
KIERTOA OY;18170.58
KIERTOKAARI OY;12509.119999999999
KIERTOKAARI OY/Koulutuskorvaus;560.0
KIIMINGIN KIEKKO-POJAT RY;1447.0
KIINTEISTÖ OY NAHKATEHTAAN-_x;41897.08
KIINTEISTÖHUOLTO JURVELIN OY;1190.0
KIINTEISTÖHUOLTO LEHTO KY;1080.0
KIINTEISTÖHUOLTO PAAVO SARKKIN;1470.0
KIINTEISTÖMEDIA OY;1686.12
KIINTEISTÖVÄLITYS GRAADI OY;362.9
KIITO-ÄSSÄT OY;1476.0
KILPIMAA VIEMÄRIHUOLTO OY;21971.47
KILT OY;1937.0
KISCO OY;385.0
KIWA IMPACT OY;887.0
KKP-TUOTANTO OY;6786.18
KL MECHANICS OY;1380.0
KL-KUSTANNUS OY;89.09
KLEMA OY;5630.0
KLINGGRUPPEN / FROG GROUP OY;5479.99
KLP SERVICE OY;880.0
KMH DAMATEC OY;888.0
KNX FINLAND RY_x;500.0
KOILLIS-TELE KY;226.29
KOILLISMAAN AUTOKATSASTUS OY;3952.3199999999997
KOILLISMAAN AUTOPALVELU OY;2899.06
KOILLISMAAN AUTOSÄHKÖ- JA;8370.15
KOILLISMAAN JOUSIAMPUJAT RY;200.0
KOILLISMAAN METALLIPAJA OY;260.16
KOILLISMAAN OSUUSKAUPPA;1501.99
KOILLISMAAN OVI- JA TURVALLI;2044.31
KOILLISMAAN TURISTIAUTO OY;1526.55
KOILLISMOTOR OY;7992.9400000000005
KOILLISSÄHKÖ OY;109.09
KOIVISTON AUTO OY;3632.0
KOIVUKUJA YHTIÖT OY;2345.0
KOIVUNEN OY;2371.71
KOKKOLAN HALPA-HALLI OY/LIMINK;3626.68
KOKKOLAN TYÖKALUÄSSÄ OY;1808.0
KOLARIKORJAUS SAILOKOSKI OY;600.0
KOLARIN KUNTA;240.0
KOLME MUSKETTIKOIRAA OY;3272.37
KOMATSU FOREST OY;385087.19
KONE HEKKALA OY;1782.0
KONE HIETALA OY;2028.0
KONE HYRKÄS OY;3124.0
KONE JARE OY;1816.77
KONE-JA VIHERTYÖ HAAPA-AHO OY/;4790.0
KONECON OY;2272.81
KONECRANES FINLAND OY;4318.68
KONEHUOLTO KAARRE OY;804.03
KONEHUOLTO MIKA JAAKOLA OY;40220.57
KONEHUOLTO OLLAKKA OY;2364.0
KONEHUOLTO PYYKKÖNEN OY;4354.95
KONEHUOLTO SAULI PARVIAINEN OY;1873.4099999999999
KONEKORJAAMO RIIKONEN OY;97676.61
KONEPALVELU KUIVAS OY;1722.0
KONEPALVELU MÄLÄSKÄ OY;662.0
KONERAISER OY;300.0
KONESEPÄT OULU OY;2406.9900000000002
KONETIEN KATSASTUS OY / MUHOS;1974.69
KONETYÖ M.VIMPARI KY;400.0
KONETYÖ SAARELA KY;1476.0
KONEUNION OY;632.21
KONEURAKOINTI ANTERO MUSTAKANG;738.0
KONEURAKOINTI HARTIKKA OY;600.0
KONEURAKOINTI KIMMEX OY;1230.0
KONEURAKOINTI MAANINEN OY;1100.0
KONEURAKOINTI MÄKÄRÄINEN OY;1968.0
KONEURAKOINTI NURMELA OY;492.0
KONEURAKOINTI PÄÄTALO OY;1476.0
KONEURAKOINTI S. KUITTINEN OY;16.0
KONEYHTYMÄ MARTTALA OY;738.0
KONICA MINOLTA BUSINESS SOLUTI;31643.65
KONSULTOINTI KARHULAT OY;2434.11
KONSULTTITOIMISTO CADLINK OY;43.82
KONTIOTUOTE OY;8714.51
KOPIOSTO RY;9886.82
KORJAAMOMAAILMA OY;840.0
KOSKEN KONE OY;1395.3
KOSKIKULJETUS OY;532.0
KOSKILINJAT;9270.0
KOSKITRAKTORI OY;33117.85
KOTIKATU OY/KOULKORV;4037.0
KOTILOVE OY;888.0
KOTIRUHTINAS OY;70.0
KOTIVARA YHTIÖT OY;250.0
KOUHIAN SAHA KY;10697.2
KOULUELEKTRONIIKKA OY;1339.3000000000002
KOULUTUSKESKUS SALPAUS-KUNTAYH;855.0
KPMG OY AB;455951.62999999995
KRANBELTS OY;3892.6
KREATE OY;392.0
KS-TARVIKE OY;2443.34
KSAKKI RY;1060.0
KT PALOTURVAPALVELUT OY;80.0
KTC GROUP OY;1516.0
KTI LASKUTUS OY;1004.34
KUHMON RAKENNUSPOJAT OY;300.0
KUIVAKSEN LEIPOMO OY;25471.170000000002
KUJALAN TILA OY;2952.0
KUKKAKAUPPA KANERVA KY;765.79
KUKKAKAUPPA MIA-MARIA OY;2435.52
KUKKAKAUPPA MINNA EKDAHL OY;300.0
KUKKOLASSE OY;1500.0
KULAMAAN AUTO;1155.38
KULJETUS HÄKKILÄ OY;100.0
KULJETUS JII-KOO OY;262.0
KULJETUS KASSINEN OY;3241.04
KULJETUS LOHILAHTI OY;550.0
KULJETUS PALOSAARI OY;80.0
KULJETUS RAUTIAINEN OY;16.0
KULJETUS ROMPPAINEN OY;2944.0
KULJETUS SAMPO PUURUNEN OY;640.0
KULJETUS TAVASTI OY;738.0
KULJETUS WEST LINE OY;304.0
KULJETUS YLIKOPSA OY;1130.0
KULJETUSLIIKE BACKMAN OY;7742.05
KULJETUSLIIKE E. LEPISTÖ OY;160.0
KULJETUSLIIKE ESKOLA OY;500.0
KULJETUSLIIKE ILMARI LEHTONEN;500.0
KULJETUSLIIKE KUISMA OY;300.0
KULJETUSLIIKE MARKKU JUNTUNEN;900.0
KULJETUSLIIKE O. PELKONEN OY;738.0
KULJETUSLIIKE PENTTI ÄIJÄLÄ OY;1984.0
KULJETUSLIIKE PU-VAP OY;1300.0
KULJETUSLIIKE RIEKKI OY;200.0
KULJETUSPALVELUT NURMI OY;1176.0
KULJETUSPOLAR OY;3387.67
KULKURI KULUNVALVONTA OY;294.0
KUMIJUSSI OY;226.0
KUMLINGE KOMMUN;70.0
KUNTA- JA HYVINVOINTIALUETYÖNA;17250.87
KUNTARAHOITUS OYJ;118710.75
KUNTOUTUSSÄÄTIÖ SR;225.0
KUOPION AUTO-OSAT OY;32.26
KUOPION SEIKKAILUKESKUS OY;4095.31
KUOPION WOODI OY;350.0
KUORTANEEN KAIVIN OY;1916.0
KUPARI DATA OY;3931.94
KUPARI SOLUTIONS OY;240.0
KUSTANNUS OY DUODECIM;647.81
KUUROJEN PALVELUSÄÄTIÖ;350.0
KUUSAKOSKI OY;-18070.99
KUUSAMON AUTOPALVELU OY;6965.01
KUUSAMON ERÄ-VEIKOT RY;371.65
KUUSAMON KAIVU- JA KAAPELIURAK;968.0
KUUSAMON KAUPUNKI;1408.35
KUUSAMON TALONPÖYTÄ OY;311.08
KUUSAMON TÄRPPI OY;200.0
KUUSAMON YHTEISMETSÄ;6545.14
KUUSMET OY;2452.86
KUUSMOTO KY;538.0
KVALITEAM OY;19941.08
KW-SET OY;815.0
KYLMÄKOMPPANIA OY;175.72
KYOCERA SENCO FINLAND OY;624.14
KYOCERA UNIMERCO TOOLING OY;356.96
Kiho Palvelut Oy;226.0
KÄRKKÄINEN OY;13746.34
KÄRKKÄINEN WEB OY;484.96000000000004
KÄRKÖLÄN SÄHKÖ OY;960.0
KÅRBACKEN RESTAURANG & EVENT A;6902.0
KÖÖKI CO. OY;1706.7
L&T TEOLLISUUSPALVELUT OY;21557.11
L&T YMPÄRISTÖPALVELUT OY;124652.32
LA FESTA ORIGINAL OY;462.51
LAARIN POHOJA OY;392.6
LAATUANTENNI OY;3765.15
LAATUVALAJAT OY;3380.2
LABROC OY;240.0
LADEK KY/INSINÖÖRITSTO LAKEUDE;9986.02
LAERDAL MEDICAL AS;288.0
LAHDEN AUTOPURKAMO OY;156.37
LAIKAS OY;9571.06
LAITESUUNNITTELU SAVELIUS OY;5010.82
LAKEUDEN AUTOMAALAAMO OY;380.0
LAKEUDEN HYDRO OY;102.51
LAKEUDEN KATSASTUS TAKATIE;371.64
LAKEUDEN KESKUSPUHDISTAMO;21464.579999999998
LAKEUDEN PALVELUYHDISTYS RY;960.0
LAMTEKNO OY;591.21
LAPIN HYVINVOINTIALUE;1436.0
LAPIN KUMI OY;1537.45
LAPIN MUURRE OY;480.0
LAPIN YMPÄRISTÖSUUNNITTELU OY;1522.0
LAPP AUTOMAATIO OY;107.11
LAPUAHOVI OY;168.74
LASSILA & TIKANOJA OYJ;508.0
LATAAMO GROUP OY;1510.0
LATEKOR OY;768.0
LAUREA-AMMATTIKORKEAKOULU OY;1500.0
LAVANDER KY;13195.99
LAWICO OY;7807.33
LAYHER OY;26336.16
LE BIHAN ENTERPRISESS OY;475.0
LEAWE OY;5080.0
LED FUTURE OY;2417.19
LEDFOIL FINLAND OY;5498.99
LEICA GEOSYSTEMS OY;13102.29
LEIPURIN OY;2113.0299999999997
LEKASA OY;904.0
LEKOLAR-PRINTEL OY;32116.85
LEM-KEM OY;1170.3
LENTÄVÄ LIITUTAULU OY;697.99
LEVIN MAJOITUS- JA OHJELMAPALV;200.0
LEVYPINTA FINLAND OY;2031.1200000000001
LEXCOM GMBH;516.0
LIEDON LÄMPÖ OY;200.0
LIIKENNE- JA VIESTINTÄVIRASTO;4667.9
LIIKENNETURVA;1600.0
LIIKENNEYHTIÖ NYKÄNEN OY;2766.0
LIIKUNTAKESKUS CORE OY;367.66999999999996
LIIKUNTAKESKUS VOITTO OY;110.0
LIIKUNTAKESKUS ZEMPPI OY;3505.55
LIIKUNTAPALVELUT/SIVISTYS- JA;240.0
LIITTÄJÄ TALOTEKNIIKKA OY;612.0
LIMINGAN KUITU OY;743.0799999999999
LIMINGAN KUNTA;860.0
LIMINGAN VESIHUOLTO OY;11883.47
LINDE GAS OY AB;60579.86
LINDSTRÖM OY;167895.23
LINTULAMMEN ASUKASYHDISTYS RY_;1400.0
LIONS CLUB HAUKIPUDAS/KELLO_X;130.0
LIONS CLUB PUDASJÄRVI HILIMAT;50.0
LIPPUPISTE OY;955.49
LOGSET OY;1659.79
LOHIKARI OY;422.22
LOIHE OY/ Ropo;35134.41
LOJER OY;984.24
LOUNASRAVINTOLA PALJETTI OY;941.75
LOWELL SUOMI OY;16.34
LP LAKKAPÄÄ OY;931.21
LUJATALO OY;452.0
LUKKARINOJA OY;119.0
LUKKOKESKUS OULU OY;432.0
LUMAST OY;452.0
LUMIA KEITTIÖT AY;5919.450000000001
LUMIJOEN 4H-YHDISTYS RY;140.0
LUMIJOEN KUNTA;1470.0
LUMITRANS OY;1968.0
LUMIXIA OY;25917.11
LUMO RAKENNUS OY;904.0
LUMONIA OY;280.0
LUOVA TYÖMAA OY;13548.32
LVI JONPEX OY;1340.0
LVI POHJANPOJAT OY;498.46000000000004
LVI VIRMA OY OULU;904.0
LVI-INSINÖÖRITOIMISTO MESKANEN;2106.0
LVI-PALVELU PITKÄLÄ OY;3144.0
LVI-SASTO OY;822.5
LVI-TAIVALKOSKI KY;545.22
LVI-TORVELA KY;1428.0
LVI-TYÖ MESKUS OY;261.25
LYRECO FINLAND OY;38865.84
LYYRAKS OY;452.0
LÄHITAPIOLA ETELÄ-POHJANMAA;3600.0
LÄHITAPIOLA LAPPI;1200.0
LÄHITAPIOLA PÄÄKAUPUNKISEUTU;2800.0
LÄHITAPIOLA SAVO-KARJALA KESKI;2419.35
LÄHITAPIOLA VELLAMO KESKINÄINE;2000.0
LÄMPÖ-JA KYLMÄASENNUS VÄLIMÄKI;600.0
LÄMPÖPUISTO OY;25957.36
LÄMPÖYKKÖNEN OY;600.0
LÄPILYÖNTI OY;6874.969999999999
M UUSITALO OY;738.0
M&M VIIHDEPALVELU OY;642.5
M&O HARWESTER KY;262.0
M-B OSA OY;475.88
M-TAVARATALO PUDASJÄRVI OY;441.14
M-TRAINING KY;576.61
M. NIINIMAA OY;300.0
MAA- JA METSÄTALOUSTUOTTAJAIN;665.0
MAAKASI OY;3300.0
MAALARIMESTARIEN OY;16083.65
MAALAUSLIIKE M. ANNOLA OY;400.0
MAALAUSPALVELUT KAAN OY;452.0
MAANRAKENNUS AAPPO LAITINEN KY;900.0
MAANRAKENNUS ALAMÄKI OY;2129.0
MAANRAKENNUS E. MAJAVA OY;400.0
MAANRAKENNUS J. PÄKKILÄ OY;984.0
MAANRAKENNUS KERÄNEN OY;4084.0
MAANRAKENNUS LOPAKKA OY;1200.0
MAANRAKENNUS OHTAMAA OY;1160.0
MAANRAKENNUS PEHITEK OY;200.0
MAANRAKENNUS RISTINEN OY;984.0
MAANRAKENNUS SIMILÄ OY;1100.0
MAANSIIRTO HOLAPPA OY;200.0
MAARAKENNUS ESKOLA OY;300.0
MAARAKENNUS KAMARA OY;984.0
MAARAKENNUS P. MANNINEN OY;4190.0
MAASEUDUN TYÖNANTAJALIITTO;110.0
MAATALOUSKONEHUOLTO R.UUTINEN;655.57
MAATALOUSYHT.KOKKONIEMI;1476.0
MAATALOUSYHTYMÄ KYTÖKORPI HANN;1044.0
MAATALOUSYHTYMÄ SAMMALKANGAS E;754.0
MAATILA KOKKO OY;200.0
MAATILA KONTINEN OY;657.89
MACHINERY MT OY;1404.01
MACHINERY OY;32205.0
MAINIOKODIT HOIVA OY;2292.0
MAINSERVICE OY;2119.8
MAITOPARRAT OY;1476.0
MAIVAKKA OY AB;727.84
MAKE HAIR OY;18143.23
MALLASPUOTI OY;144.05
MALMBERG-ELEKTRO OY;1085.24
MALMIN TERÄ OY;2295.72
MAMMUN HYVÄKAKKU OY;63.07
MANAGEMENT INSTITUTE FIN / II;133221.02
MARIMEKKO OYJ;96.77
MARKET4YOU OY / K-Market Kaste;252.99
MARKKINOINTI NIEMI-KORPI OY;1711.23
MARKKINOINTI TAPIO NYRÖNEN OY;4426.75
MARMATIN MAATILA OY;2768.42
MARTELA OYJ;42039.93
MARTTEN FINLAND OY;752.6
MASSER OY;369.9
MATEKO OY;4163.42
MATKAHUOLTO OY AB;154.88
MATTI LUOKKALA OY;740.0
MAUSTE-SALLINEN OY;5896.68
MCS FINLAND OY;407.76
MECPOINT OY;904.0
MECTALENT OY;3324.0
MED GROUP OY;4700.0
MEDIAMAISTERI OY;29742.670000000002
MEDIECO OY;209.0
MEDIFIN HEALTHCARE OY;404.0
MEDIQ SUOMI OY;6013.38
MEHILÄINEN HOIVAPALVELUT OY;160.0
MEHILÄINEN LÄNSI-POHJA OY;280.0
MEHILÄINEN OY / III;798839.34
MEHILÄINEN TERVEYSPALVELUT OY;7762.02
MEIRA NOVA OY;16153.36
MEKANER OY;380.65
MELTEX OY PLASTICS;470.0
MEP-Kuljetus Oy;3790.0
MERI-LAPIN LUKITUSPALVELU OY;81174.48
MERIKOSKI SBT RY;1200.0
MERIKRATOS OY;2462.15
MERILAPINSORA OY;200.0
MERILÄISEN LEIPOMO OY;50.0
MESVAC OY;3353.07
MET ÄS-SÄ OY;400.0
METALPOWER OY;50.0
METOS OY;58920.23
METSO FINLAND OY;9054.9
METSO OUTOTEC FINLAND OY;1356.0
METSÄ JA MAANRAKENNUS SIMOSKA;100.0
METSÄ-VEIKOT 85 RY;1250.0
METSÄHALLITUS;5764.34
METSÄHALLITUS METSÄTALOUS OY;246.0
METSÄKONE PIRINEN OY;2952.0
METSÄKOULUTUS RY;3500.0
METSÄLÄN TILA OY;1932.0
METSÄNHOITOYHDISTYS METSÄ-LAPP;276.0
METSÄPESÄLÄ OY;11128.0
METSÄTYÖ KONOLA OY;984.0
METSÄTYÖ NALLI OY;400.0
METSÄTYÖ OY;236.8
METSÄTYÖ TERVONEN OY;3626.0
METSÄURAKOINTI ERVASTI OY;1587.85
MG-DIESEL;1677.32
MIDNIGHT FORGE OY;55547.509999999995
MIELE OY;16770.63
MIELEN MAHDOLLISUUDET OY OULU;100.0
MIKKELI SIIVOTAAN OY;447.58
MIKKELIN ROMU OY;41.43
MILKKIS OY;904.0
MILLS ENTERPRISES LTD OY;7053.12
MILOMATIC OY;920.34
MIMOTO KY;278.26
MIRACULOS OY;12906.31
MITTA OY / KOULKORV;240.0
MITUTOYO SCANDINAVIA AB;1469.0
MJV PRO OY;200.0
MMT KONEURAKOINTI OY;980.0
MODEO OY;3780.0
MOLOK OY;450.0
MONETRA OULU OY;432563.65
MONIDOR OY;450.0
MONISTO OY;4424.82
MONITOIMIPAL. ELÄMÄNLANKA OY;341.94
MOTONET OY;1379.7
MOVET;260.99
MPT SERVICE OY;9227.11
MSP EVENT OY;377.63
MST CONSULTING OY;700.0
MT-FOREST OY;3520.0
MTC FLEXTEK OY AB;4400.0
MTECH DIGITAL SOLUTIONS OY;2107.79
MTH-KULJETUS OY;1948.0
MTY PETÄJÄMAA KARI PEKKA JA JO;904.0
MUHOKSEN BIOKULJETUS OY;6179.05
MUHOKSEN ELINTARVIKEKULJETUS O;183.75
MUHOKSEN KUNTA;280.0
MUHOKSEN LVI-PALVELU OY;28.71
MUHOKSEN VARAOSAKESKUS OY;41647.53
MUHOKSEN VESIHUOLTO OY;30763.370000000003
MULTITRONIC OY;3857.5
MURUVANA OY;1800.0
MUUTTOPALVELU GRUNDELL OY;2640.42
MVR S. ANNALA KY;4164.8
MYSTEPS OY;990.0
Moto Team Tauriainen Oy;2942.0
N-CLEAN OY N-CLEAN OULU;140.0
NA-TO LOGISTIIKKA OY;492.0
NAAVA GROUP OY;5158.21
NALLIKARI OY;574.25
NALLIKARI SEASIDE OY;0.0
NALLIKARI-TENNIS OY;29.09
NAPAPIIRIN KULJETUS OY;36455.97
NATURCOM OY;1682.0
NATUREST OY;254.39
NAUTATUULIA OY;1476.0
NCC SUOMI OY;904.0
ND GROUP OY;474.6
NELITUULIA OY;568.0
NELJÄ ASTETTA OY;840.0
NELLEN OY;416.47
NEOGAMES FINLAND RY;1200.0
NEPSY-OSAAJA OY;395.16
NESTE MARKKINOINTI OY;472337.27
NETOX OY;31108.46
NETPROFIT OY;7460.55
NEVAKIVI OY LINJA-AUTOLIIKENNE;18177.71
NEWPAAKKOLA OY;720.0
NEXUM OY;390.0
NIC - FINLAND OY;1291.0
NIILO MÄKI SÄÄTIÖ;1985.6
NIINA AHO OY;46.84
NISULA FOREST OY;388.52
NOBIA FINLAND OY;822.75
NOBINA OY;18000.0
NOETTA OY;80.0
NOMIS OY;400.0
NONNA NORTH OY;140.0
NORD WORKS OY OULU;678.0
NORDEX FINLAND OY;720.0
NORDIC JOBCENTRE OY;160.0
NORDIC SMART ENERGY OY;800.0
NORDIC TANK OY;532.0
NORDIC TELE SERVICE OY;572.0
NORDIC WOODLAND;2460.0
NORTHERN LIGHTS CHEERLEADING;1000.0
NOSTO JA KULJETUS MATTI;960.0
NOSTURIEXPERTIT OY;520.0
NOSTURILIIKE SULKALA OY;15567.09
NOVATRON OY;14532.98
NOVEMA OY;384.65
NRC GROUP FINLAND OY;1778.0
NSG SWEDEN AB;3105.46
NUOHOUS KIPINÄ OY;700.0
NUORISOSEUROJEN OULUN ALUEJÄ_X;500.0
NUORTEN YRITTÄJYYS JA TALOUS N;520.0
NUORTEN YSTÄVÄT R.Y.;3040.0
NURMINEN TOOLS OY;857.2
NURMON AUTOPURKAAMO OY;792.34
OAJ POHJOIS-POHJANMAA_X;320.0
OAT OY;125.0
OC TAITO OY;1195.22
OCOTEC OY;2712.0
OFFISTORE OY;1753.03
OHJELMAKAUPPA T & W OY;3400.0
OIKEUDENKÄYNTIAVUSTAJALAUTAKUN;433.0
OILSET OY;1905.35
OIVALTAMISPALVELUT OY;450.0
OJAN RAUTA OY;10019.05
OK VILLIRATAS OY/JUSSIN PYÖRÄP;498.81000000000006
OKT KOSTEUSTUTKIMUS OY;240.0
OKT TALOTEKNIIKKA OY;4158.0
OLIVIA INVEST OY;492.0
OLLIKAINEN AUTOMOTIVE OY;37.97
OLOKOTO OY;904.0
OMAN ELÄMÄN STARA OY;280.0
OMAPAJA OY;480.0
OMNIPRESS OY;159.09
OMPELIJANMAAILMA OY;361.05
OMPELUTALO KY;117.27
OMTEK OY;395.17
ONEMED OY;12856.2
ONKAMON KONEPAJA OY;1214.0
ONNINEN OY;78911.89
OOMI OY;72737.31
OP YRITYSPANKKI OYJ;1415377.37
OPETUS- JA KULTTUURIMINISTERIÖ;3250.0
OPETUSALAN AMMATTIJÄRJESTÖ OAJ;457.45
OPETUSHALLITUS;516903.18
OPPIMAA OY;55.0
OPTEAM YHTIÖT;4144.39
OPTIWATTI OY;285.12
ORAT OY;41000.0
OSAO EDU OY;811.11
OSK OULUPRO;55.0
OSUMA HENKILÖSTÖPALVELUT OY;392.0
OSUUSKAUPPA ARINA;13697.48
OSUUSKAUPPA ARINA/KOUL.KORV;2764.0
OSUUSKAUPPA KESKIMAA;119.36
OSUUSKAUPPA KPO;1713.6699999999998
OSUUSKAUPPA PEEÄSSÄ;1162.78
OSUUSKAUPPA SUUR-SAVO;245.22
OSUUSKUNTA RYNTÖTYO;700.0
OT URAKOINTI OY;100.0
OTAVAMEDIA OY;260.91
OUBUS OY;1500.0
OULAISTEN LIIKENNE OY;9072.0
OULU HINAUS OY;200.0
OULU SAFARIS OY;2778.95
OULUN 4H-YHDISTYS RY.;4660.0
OULUN AKKU OY;6428.73
OULUN ALUETAKSI OY;828.72
OULUN AMMATTIKORKEAKOULU OY;9424.08
OULUN AUTO- JA RENGASHUOLTO OY;2712.0
OULUN AUTOKULJETUS OY;7576.07
OULUN AUTOMAALIT OY;3970.13
OULUN AUTOMAATIOPALVELU OY A1;260.08
OULUN AUTOPISTE OY;550.0
OULUN AUTOTYÖ OY;880.0
OULUN BAARI OY;1696.44
OULUN BILJARDI OY;327.27
OULUN CAR-FIX OY;600.0
OULUN DIAKONISSALAITOKSEN SÄÄT;201.61
OULUN ENERGIA OY;1181654.42
OULUN ENERGIA SÄHKÖVERKKO OY;303501.42
OULUN EV.-LUT. SEURAKUNTAYHTYM;480.0
OULUN HERKUTTELUHETKI OY;180.0
OULUN HIRSISET OY;80.0
OULUN ILMATEK OY;62.0
OULUN JALKAPALLOHALLI OY;500.0
OULUN JARRUHUOLTO OY;828.1
OULUN JOUSIMIEHET RY;180.0
OULUN KAUPPAKAMARI ry;337.0
OULUN KAUPUNGINTEATTERI OY;782.89
OULUN KAUPUNKI;1096332.07
OULUN KAUPUNKI INFRA LIIKELAIT;4991.0
OULUN KEILAILUTALO OY;2845.35
OULUN KESKUSPESULA OY;295180.75
OULUN KOIVIKKO OY;1189.13
OULUN KONEKAUPPA OY;11.21
OULUN KONETYÖ OY;1470.0
OULUN KONGRESSITEKNIIKKA OY;110.0
OULUN KONTTIVUOKRAUS OY;600.0
OULUN KONTTIVUOKRAUS OY/ TRUST;10880.0
OULUN KORJAUSRAKENTAJAT OY;2832338.79
OULUN KORU OY;100.0
OULUN KOULUMUSIIKINTUKI RY;600.0
OULUN KUIVAUSTEKNIIKKA OY;2952.0
OULUN KUKKATOIMITUS/HELSINGIN;24203.94
OULUN KULTTUURISÄÄTIÖ SR;390.0
OULUN KÄRPÄT 46 RY;893.5
OULUN KÄRPÄT 46 RY E209;300.0
OULUN KÄRPÄT 46RY/ KOULKORV;305.0
OULUN KÄRPÄT OY;5864.77
OULUN KÄRRYHUOLTO OY;2355.73
OULUN LAITEHUOLTO OY;18204.04
OULUN LASERMERKINTÄ AVOIN YHTI;1500.76
OULUN LASIPALVELU OY;890.89
OULUN LIHA- JA KALAKAUPPA OY;480.0
OULUN LOHET RY;150.0
OULUN LOISTOSÄHKÖ OY;3314.0
OULUN LUISTELUKERHO RY;300.0
OULUN LUISTINSEURA RY;2000.0
OULUN LUKITUSTEKNIIKKA OY;432.0
OULUN LÄMPÖPUTKITUS OY;3842.0
OULUN MAA- JA VESIRAKENNUS OY;5372.0
OULUN MAINOSKESKUS OY /RIVERTY;33511.94
OULUN METSÄSTYS- JA AMPUMA-x;105.0
OULUN NAHKA-AITTA KY;123.5
OULUN NAISFUTIS RY;1000.0
OULUN NMKY RY;815.0
OULUN PAINEILMAPALVELU OY;6576.34
OULUN PALAMETALLI OY;2433.92
OULUN PALVELUSÄÄTIÖ;70.0
OULUN PIHARAKENNUS OY;1812.0
OULUN POLIISILAITOS;38.0
OULUN PUTKISEPÄT OY;80.0
OULUN REGGIO EMILIA KANNATUSYH;560.0
OULUN REMONTTI IDEA OY;80.0
OULUN SEUDUN KIINTEISTÖPALVELU;700.0
OULUN SEUDUN SÄHKÖ;457068.79
OULUN SEUDUN SÄHKÖ KUITU OY;1310.16
OULUN SEUDUN SÄHKÖ VERKKOPALVE;167947.38999999998
OULUN SEUDUN TELE & AUDIO OY;199.18
OULUN SEUDUN UUSYRITYSKESKUS R;4000.0
OULUN SEUDUN YMPÄRISTÖTOIMI LI;3436.99
OULUN STEINERPÄIVÄKODIN KANNAT;770.0
OULUN SÄHKÖ OPTIMA OY;640.0
OULUN SÄHKÖ- JA TELETEKNIIKKA;226.0
OULUN SÄHKÖDIESEL OY;76.12
OULUN TELESCAN OY;2001.01
OULUN TEOLLISUUSKOJEISTOT OY;288.5
OULUN TERÄHUOLTO OY;1020.1600000000001
OULUN TESTIKUVA L. TIUSANEN KY;614.62
OULUN TILAPALVELUT LIIKELAITOS;500.0
OULUN TRAKTORI JA KONEHUOLTO O;16449.9
OULUN TUOTANTOKEITTIÖ OY;2612.0
OULUN TYÖSTÖKONEHUOLTO OY;3707.25
OULUN VESI LIIKELAITOS;85123.15
OULUN VIHERPALVELU KY;3435.34
OULUN VIIHDEMIXERI KY;300.0
OULUN YLIOPISTO;115142.1
OULUN YRITTÄJÄT RY_x;2000.0
OULUNSALON PALLO RY;400.0
OULUNSALON VASAMA RY;1500.0
OULUNSEUDUN AUTOHUOLTO OY KEMP;737.16
OUNASPUU OY;1195.22
OY ATLAS COPCO KOMPRESSORIT AB;1288.0
OY CONAXESS TRADE FINLAND AB;1242.1
OY DIABET AB;211.37
OY ER FINLAND AB;3906.0
OY ERGOLIFT AB;152.0
OY HAKO GROUND & GARDEN AB;80.79
OY HÅROLOGI FINLAND AB;1497.01
OY INTERFII LTD;2325.6
OY KAHA AB;11835.4
OY KC SUOMI & CO;462.9
OY S.-0. OLENIUS AB;419.13
OY SINEBRYCHOFF AB;-2074.42
OY SL-GOODS AB;35.5
OY TEO-PAL AB;1853.2
OY VAASAN AMMATTIKORKEAKOULU;260.0
OY VIIMA INN LTD;19997.0
OY YLIVOIMALA AB;45137.09
P-K KOULUTUSKUNTAYHTYMÄ RIVERI;100.0
P-POHJANMAAN LYPSYKARJAKERHO;35.0
PAAVOLAN TURVE KY;768.0
PADEL UNO OY;246.66000000000003
PAHAMA OY;2792.0
PAIKALLIS-SÄHKÖ;740.0
PAJALAHTI TRADING OY;217.85
PALPA LASI OY;-86.58
PALVELUKOTI ALMA OY;216.0
PAMARK BUSINESS OY;5013.49
PARKETTILIIKE SÄKKINEN OY;14295.789999999999
PARKHOTEL TORNIO;649.99
PARMA OY;1650.0
PARTIOAITTA OY;500.0
PARTUS OY;205.89
PATENIEMEN KODINKONEHUOLTO KY;1774.94
PATENTTI- JA REKISTERIHALLITUS;28.5
PAYTRAIL OYJ;780.6
PE-FORSS OY;738.0
PEDATA OY;10764.95
PEIPOHJAN AUTOVARUSTE AY;250.0
PEKANT OY;25660.83
PEKAVA OY;2028.01
PEKKANISKA OY;200.0
PEL-TUOTE OY;1028.39
PELASTUSOPISTO;30000.0
PELI-BUNKKERI OY;695.9300000000001
PELLOPLAST OY;326.1
PELTIMYLLY OY;4173.88
PELTIPAJA KOVALAINEN OY;12580.7
PEMAN OY;23410.41
PENAN RAUDOITUS OY;1582.0
PENOPE OY;4535.34
PENSIKKO OY;246.0
PEPRON COLLABORATION SERVICES;11465.03
PEREL OY;6697.74
PERI SUOMI LTD OY;24.7
PERTIK OY TAPIOLA;1093.5
PESIÖLÄ OY;28.23
PHARMADOS OY;1634.0
PHARMAPRESS OY;31.45
PHENOMENEX APS;978.6
PIAKO OY;630.0
PIHKA FOREST OY PYHÄNTÄ;400.0
PIHKATAPPI OY;738.0
PIHLA GROUP OY;1372.68
PIHLAJA CATERING OY;1825.6200000000001
PIHLAJALINNA LÄÄKÄRIKESKUKSET;93.02
PIIRLA OY;362.33
PIKKU-SYÖTE GROUP OY;960.64
PILKE PÄIVÄKODIT OY;700.0
PILKINGTON AUTOGLASS OY;171.85
PIRKANMAAN ELY-KESKUS;433.53999999999996
PIRTIN KEHRÄÄMÖ OY;706.77
PITSTOP FINLAND OY;452.0
PK GAMES OY;176.36
PLANDENT OY;656.26
PLANMECA OY;630.0
PLC-AUTOMATION OY;13550.0
PM INVEST OY;2034.0
POCAL OY;284.17
POHJANMAAN OPINTO-OHJAAJAT RY;200.0
POHJANMAAN RASKASVARUSTE OY;10.0
POHJASET OY;1476.0
POHJASET RECYCLING OY;396.0
POHJOIS POHJANMAAN LVI1 OY;429.0
POHJOIS-KARJALAN OSUUSKAUPPA/S;807.67
POHJOIS-POHJANM.KEITTIÖMESTARI;1120.0
POHJOIS-POHJANMAAN ELY-KESKUS;1344.0
POHJOIS-POHJANMAAN HYVINVOINTI;65514.32
POHJOIS-POHJANMAAN KESÄYLIOPIS;6060.0
POHJOIS-POHJANMAAN LIIKUNTA RY;220.0
POHJOIS-POHJANMAAN NUORISOSEUR;1530.0
POHJOIS-POHJANMAAN OSHP OY;640.0
POHJOIS-POHJANMAAN PUHTAUSALA;250.0
POHJOIS-POHJANMAAN YRITTÄJÄT_X;6700.0
POHJOIS-SUOMEN ALUEHALLINTOVIR;13521.58
POHJOIS-SUOMEN ELEKTRONIIKKA;10183.8
POHJOIS-SUOMEN MESSUT R.Y.;369.0
POHJOIS-SUOMEN PELASTUSLIIT_x;120.0
POHJOIS-SUOMEN PERUSTUSPALVELU;46172.130000000005
POHJOIS-SUOMEN RAKENNUSKLUSTER;500.0
POHJOIS-SUOMEN SÄHKÖ-JA;50.0
POHJOIS-SUOMEN TIIVISTE OY;189.32999999999998
POHJOISEN VIIMA OY;57914.659999999996
POHJOISMAINEN FAB LAB VERKOSTO;215.0
POHJOLA VAKUUTUS OY;629602.38
POHJOLAN HITSIHUOLTO OY;395.0
POHJOLAN KIINTEISTÖRAKENNE OY;690.0
POHJOLAN KYLMÄTEKNIIKKA OY;23546.36
POHJOLAN MAALIPOJAT OY;984.0
POHJOLAN PESUKARHU OY;314.75
POHJOLAN PUTKISTO OY;678.0
POHJOLAN TURISTIAUTO OY;13547.119999999999
POHJOLAN TURISTIAUTO OY / II;2039.55
POKO OY - POHJOLAN KOIRAVARTIO;74476.81
POLIISIAMMATTIKORKEAKOULU/;2510.0
POLIISIHALLITUS / SUOMEN;350.0
PONSSE OYJ;114481.73
POOLMAX OY;84.68
PORATUULI OY;64.35
POSTI JAKELU OY;40115.33
POSTI MESSAGING OY;338.72
POSTI OY;17756.57
POTENTIAL TOIMITILAT OY;293698.72000000003
POWER FINLAND OY;406.88
POWERESTA OY;12389.7
PP APU OY;70.0
PP-TRAKTORI OY;623.99
PPP-KÖÖKKI OY;30132.32
PREANTA OY;207.53
PRENAX AB SUOMEN SIVULIIKE;15571.76
PRESTIA OY;986.0
PRESTO OY;6873.38
PRIMA FACTORY OY;197.92
PRIMEHOTELS OY RANTAPUISTO;129.69
PRIMULATOR OY;268.71000000000004
PRINTSCORPIO OY;127.82
PRO-KAKS OY;200.0
PROAGRIA OULU RY;3010.61
PROBIND OY;577.0
PROBOT OY;25460.0
PRODIAGS OY;1211.19
PRODIAGS OY / II;18100.72
PRODINE OY;8750.699999999999
PROFESSIONAL MECHANICS FINLAND;226.0
PROFICAN OY;4954.1
PROFICIENT CO OY;183.74
PROFIILIKESKUS OY;4510.68
PROGMAN OY;150.0
PROMART OY;321.0
PROMEGO OY;1310.0
PROMETNA SOLA MARIBOR;4020.12
PRONIUS OY;702.9499999999999
PRORAKENNE OY;15986.3
PROVENTIA OY;250.0
PROWLEDGE OY;1924.53
PS-PINNOITUS OY;22330.35
PSK STANDARDISOINTIYHDISTYS RY;500.0
PSPINNOITE OY;260.0
PTCSERVICES OY;35152.56
PTP LUTTINEN OY;8106.71
PUDAS-KONE OY;5635.78
PUDASJÄRVEN HAUTAUSTOIMISTO JA;249.18
PUDASJÄRVEN KAUPUNKI;150409.53
PUDASJÄRVEN KEHITYS OY;200.0
PUDASJÄRVEN SEURAKUNTA;131.47
PUDASJÄRVEN TURVAPALVELU KY;1544.69
PUDASJÄRVEN URHEILIJAT RY;820.0
PUDASJÄRVEN YRITTÄJÄT RY;300.0
PUHTAUSTIETO PT OY;414.55
PULLA-PIRTTI OY;3405.19
PUNAINEN RISTI ENSIAPU OY;2770.0
PUNAMUSTA COLORO OY;410.0
PUNAMUSTA OY;2533.38
PUTAAN AUTO JA VARAOSA;250.0
PUTAAN PULLA OY;8345.98
PUTELI OY;309.53
PUTKIKIERRE OY;159.39
PUUILO TAVARATALOT OY;55.510000000000005
PUUKEIDAS OY/OULUN TOIMIPISTE;4772.88
PUULASTU OY;250.0
PUUNKORJUU JUNKKARIT OY;492.0
PUUNKORJUU M&M OY;354.6
PUUTARHATALO MERITÄHTI KY;132.07
PUUTAVARALIIKE P.KARVONEN OY;4286.0
PUUTEBAR OY;178.04
PUUTUOMELA OY;226.0
PYYKKÖNEN & HUUSKO OY;1315.28
PYÖRÄ-SUVALA OY;200.0
PÄIVI HEIKKALA OY;216.0
PÄIVÄKOTI KARUSELLI OY;432.0
PÄIVÄKOTI MANSIKKAMAA OY;4026.0
PÄIVÄRINTEEN TIMANTTI OY;3268.0
PÄKÄ REHU OY;1590.0
PÖRHÖN AUTOLIIKE OY;19764.96
QICRAFT FINLAND OY;2535.27
QPR SOFTWARE OYJ;3280.31
QRIDI OY;1650.0
QSTOCK OY;3760.66
QUALITAS NDT OY;8684.95
R. AALTONEN OY;540.37
RAAHEN AUTOMAALAAMO OY;1710.0
RAAHEN KAUPUNKI;1260.53
RAAHEN MUURAUS OY;2490.0
RAAHEN RAUTATEHTAAN RUOKALA;904.0
RAAHEN RENGAS JA LAITE OY;6893.04
RAAHEN VANHUSTENHUOLTOSÄÄTIÖ S;1712.0
RADIODUO OY;176.42
RADIOMEDIA RY;478.12
RAHTARIT RY;200.0
RAILCO OY;300.0
RAKENNUS-KOSKELA OY;226.0
RAKENNUSLIIKE HÄYRYNEN OY;952.0
RAKENNUSLIIKE LAPTELLI OY;678.0
RAKENNUSLIIKE SORVOJA OY;800.0
RAKENNUSLIIKE VERRATON OY;600.0
RAKENNUSPALVELU ERVASTI OY OUL;226.0
RAKENNUSPALVELU J.TUOMELA;386.0
RAKENNUSPALVELU KREIVI OY OULU;520.0
RAKENNUSPALVELU RAJADUO OY;904.0
RAKENNUSPALVELU RANTONEN OY;226.0
RAKENNUSPALVELU T. PÄKKILÄ OY;1582.0
RAKENNUSTIETO OY;19407.56
RAKENNUSTOIMISTO LÄNSIRAJA OY;678.0
RAKSILAN LIKAT RY;500.0
RAMBOLL FINLAND OY;75533.63
RAMIRENT FINLAND OY;5569.89
RANTALAKEUDEN SALAOJITUS OY;262.0
RANUAN SEUDUN MATKAILU OY;2212.1
RASKONE OY;6865.55
RASTOR- INSTITUUTTI RY;47510.0
RATATEK OY;320.0
RATORA OY;500.0
RAUTA KORPELA OY;1400.61
RAUTA-PAJALA OY;133414.85
RAUTATIETO OY;432.0
RAVINTOLA ALFRED OY;1138.36
RAVINTOLA HS OY;690.15
RAVINTOLA ULEÅBORG 1881;140.0
RAVINTOLA UUDEN SEURAHUONEEN H;648.0
RCK FINLAND OY;1873.18
REALMACHINERY OY;684.1999999999999
REBELL CONSULTING OY;8560.15
REDGO FINLAND OY;1111.24
REKKALASKENTA OY;352.0
REL-PALVELU OY;3372.0
RENTOKIL INITIAL OY;1268.0
RENTOVILLA OY;1323.6399999999999
REPO-LINES OY;400.0
RESTAMARK OY;19.65
RESTAMARK OY/MaRan jäsenmaksut;470.0
RESTAUROINTIPUUSEPÄT NUUTTI;31.45
RESTEL RAVINTOLAT OY;574.52
RESTOLUTION OY;1102.0
RETRIEVER SUOMI OY;14090.089999999998
REVIRE PERINTÄ OY;869.72
REVON TURISTILIIKENNE OY;2600.0
REXEL FINLAND OY;78996.09
RF-ELECTRONICS AY;19.6
RHM-KONEURAKOINTI OY;492.0
RIIHIMÄEN AUTO- JA KONEHAJOITT;66.93
RIMACO PALVELUT OY;240.0
RINNEKODIT OY;4766.0
RINTA-JOUPIN AUTOLIIKE OY;320.0
RINTWEST OY;250.0
RISTO LUTTINEN OY;115.93
RITTAL OY;171.45
RIVERTY FINLAND OY;868.0
RKENNUSPALVELU PUUSTA OY;226.0
RKL POUKKULA OY;904.0
RM-TRUCKS OY;112.9
ROCKSERI OY;106.33
ROKUAN KUNTOUTUS OY;1649.0
ROMUTA OY;48.0
ROPO SUOMI OY;49.01
ROTATOR OY;1836.15
ROVANIEMEN KOULUTUSKUNTAYHTYMÄ;6897.8
ROVANIEMEN PUUTUOTE OY;160.0
ROVANIEMEN VÄRI JA MATTO OY;3356.97
RPJM RAKENNUSPALVELUT OY;242.0
RSK RAKENNUS OY;400.0
RTV-YHTYMÄ OY / NORDEA;1457.66
RUDUS OY;276.6
RUOKAVIRASTO / SUOMEN VALTIO;5658.1
RUSKON AUTO JA VARAOSA KY;310.0
RUSKON AUTOHUOLTO OY/KOUL;1582.0
RUSKON BETONI OY;32407.75
RYHMÄKOTI KIMPPA-KÄMPPÄ OY;216.0
RÄIKIÄ OY;80.0
S & H UKKOLA OY/LVI- JA RAKENN;26199.87
S-BUSINESS OY;51090.97
S-SISUSTUS OY;904.0
S.SARESKOSKI OY;3118.65
SAAGA TRAVEL;5017.09
SAARENPÄÄ OY;104.38
SAARIOINEN OY;17577.87
SADEX OY;7332.8
SAFE GROUP SECURITY OY;1320.0
SAFE TO PLAY OY;700.0
SAFEAID OY;1269.0
SAH-KO OY;3182.27
SAINT-GOBAIN GLASS FINLAND OY;795.64
SAKELA RAKENNUS OY;-300.0
SALOTEC OY;2582.0
SALTEX OY;4897.0
SALVOS FINLAND OY;2260.0
SAMAR OY;2543.22
SANOMA MEDIA FINLAND OY/HELSIN;1030.72
SANOMA PRO OY;410.09000000000003
SANOSTOPVÄKIVALLALLE OY;1678.0
SANTA CLAUS HOLIDAY VILLAGE OY;74.12
SAPLUUNA OY;12000.0
SAR-MACHINE OY;2102.16
SARAMACHINE OY;1476.0
SAREENA OY;226.0
SARKA ASUNNOT OY;888.0
SARLIN OY AB;645.3
SAS SAS INVEST HOTEL LILLE FLA;9973.04
SASTAMALAN KOULUTUSKUNTAYHTYMÄ;20.0
SATAKUNNAN OSUUSKAUPPA;1436.8500000000001
SATATERÄS OY;620.0
SATUSIIPI PÄIVÄKODIT OY;350.0
SAUNALAHTI/ELISA OYJ;717.9399999999999
SAVO-OIL OY;153607.28
SAVO-SET OY;253.6
SAVON KOULUTUSKUNTAYHTYMÄ;1177.01
SAVON VAMMAISASUNTOSÄÄTIÖ;370.0
SAVONIA-AMMATTIKORKEAKOULU OY;1004.02
SAVOPAK OY;426.0
SCANDER;4260.0
SCANDIC HOTELS OY;4865.76
SCANFIL EMS OY;160.0
SCANIA SUOMI OY;21069.49
SCANLAB OY;732.54
SCANPES OY;100.0
SCENE ARTS OY;1600.0
SCHENKER OY;378.86
SCHINDLER OY;18382.79
SCHNEIDER ELECTRIC FINLAND OY;16672.31
SEAMOTION OY;200.0
SEB KORT BANK AB / DINERS CLUB;136612.44
SECAPP OY;10786.3
SECO TOOLS OY;1418.1
SECTO AUTOMOTIVE OY;8285.16
SEICOTEC OY;1382.21
SEINÄJOEN KOULUTUSKUNTAYHTYMÄ/;2985.0
SEINÄJOEN PK-MYYNTI OY;5600.0
SELECTA FINLAND OY;24583.6
SELLTRACON OY;450.0
SENSOREX OY;5813.0
SEOPTIMI OY;120.0
SERCAP HUOLTOPALVELUT OY;499.27
SGS FIMKO OY;2325.88
SHT-TUKKU OY;1226.55
SICK OY;2879.7799999999997
SIEMENKAUPPIAITTEN YHDISTYS RY;178.15
SIEMENS FINANCIAL SERVICES AB/;31512.06
SIEMENS OY;12405.919999999998
SIGMA TRUKIT OY;11191.13
SIGNCOM OY;1009.39
SIIKAJOEN KUNTA;1610.0
SIIKALATVAN KUNTA;216.0
SIIRTOKUMPU OY;1490.0
SILMÄASEMA SAIRAALA OY;210.0
SILVASTI SOFTWARE OY;9119.41
SIM FINLAND  OY;149.46
SIMEON CARGO OY;200.0
SIMERI OY / Ropo;6158.96
SIMIKAAREN PERHEKOTI OY;1040.0
SIMON KUNTA;1808.0
SIRIUSPÄIVÄKODIT AY;1170.0
SISÄRAKENNE KUKKOLA OY;1356.0
SITEIMPROVE OY;6391.33
SITOWISE OY;19986.18
SIURUAN KYLÄ RY;1125.0
SKANSKA RAKENNUSKONE OY;9268.25
SKF OY AB;3220.0
SKILLS FINLAND RY;41884.0
SKILLSTER AB;22566.0
SKT INFRA OY;1728.0
SKUBA SUOMI OY;582.43
SL NISSILÄ OY;63.75
SL-KONEURAKOINTI OY;4152.0
SL-TRANS OY;1000.0
SLATEK OY;452.0
SM FIMAC OY LTD;2700.0499999999997
SMARTBLOCK OY;40400.0
SMC AUTOMATION OY;1015.71
SMJ-FOREST OY;738.0
SOILAN OY;80.65
SOIMET KY;678.0
SOKERI-JUSSIN KIEVARI OY;1743.92
SOKOTEL OY;5011.61
SOL KIINTEISTÖPALVELUT OY;1200.0
SOLENOVO OY;4951.05
SOLIBRI OY;1700.0
SOLMASTER OY;4923.42
SONEPAR SUOMI OY;66058.38
SOR-VARANGER UTVIKLING AS;4634.0
SORALINKKI OY;236.85
SORCOLOR OY;80.0
SOTEKO OY;400.0
SOTKAMO SILVER OY;320.0
SP-ELEKTRONIIKKA OY;2050.67
SR-KIINTEISTÖHUOLTO OY;1700.0
SRJH GROUP OY;396.0
SSAB EUROPE OY / KOULKORV;320.0
SSH SECURE COLLABORATION OY;8860.64
ST1 OY;151.19
STAFFPOINT OY;943.69
STAFFPOINT SALLA OY;280.0
STAFFPOINT SODA OY;150.0
STANDA OY;69400.61
STANLEY SECURITY OY;100465.61
STARK SUOMI OY;325240.4
STEEL GROUP POHJANMAAN OY;1146.0
STERKMAN OY;150.0
STORIA OY;138286.69999999998
SULAVA OY;14745.0
SUN-OFFICE OY;1369.5
SUOMALAINEN KIRJAKAUPPA OY;216.66
SUOMEN 118;239.0
SUOMEN AKKUTALO OY;1927.83
SUOMEN AKUT OY/ ROVANIEMI;125.1
SUOMEN AMM.KOUL.KULT-URH.L/SAK;15016.0
SUOMEN AMMATTIIN OPISK.KESKUSL;100.0
SUOMEN ASIAKASTIETO OY;1455.07
SUOMEN AUTOHUOLTO OY;36778.72
SUOMEN DIAKONIAOPISTO OY;2646.0
SUOMEN ERILLISVERKOT OY;7376.360000000001
SUOMEN EUROMASTER OY;66562.99
SUOMEN HELAKESKUS OY;1303.02
SUOMEN HIEROJAKOULUTTJAT RY_x;345.0
SUOMEN HITSAUSTEKNILLINEN YHD;2617.42
SUOMEN HOITOLATUKKU OY;8512.83
SUOMEN HUOPAKATTO OY / KOULKOR;240.0
SUOMEN KALENTERI OY;149.0
SUOMEN KAUKOKIITO OY;205.06
SUOMEN KINESTETIIKKAYHDISTYS R;4491.45
SUOMEN KUITUTEKNIIKKA OY;1166.0
SUOMEN KUKKAKAUPPIASLIITTO RY_;300.0
SUOMEN KUKKATARVIKE OY;472.94
SUOMEN KULJETUS JA LOGISTIIKKA;795.0
SUOMEN KULJETUSTURVA OY;11507.8
SUOMEN KULTASEPPIEN LIITTO RY;330.0
SUOMEN KULUTUSOSA OY;3520.0
SUOMEN KUNTALIITTO RY II;11500.4
SUOMEN KYLMÄYHDISTYS RY;1190.0
SUOMEN KÄTILÖLIITTO RY;495.0
SUOMEN LAATUTARVIKE OY;728.5
SUOMEN LAATUYHDISTYS RY;92.74
SUOMEN MAASTORAKENTAJAT OY;3976.27
SUOMEN MCKENZIE INSTITUUTTI RY;1050.0
SUOMEN METSÄKESKUS;6840.0
SUOMEN MUUTTOFIRMA OY;2953.98
SUOMEN NUORISOSEURAT RY;25.0
SUOMEN OLYMPIAKOMITEA RY;100.0
SUOMEN OPPISOPIMUSOSAAJAT RY;3305.0
SUOMEN PADELKESKUS OY;276.5
SUOMEN PALAUTUSPAKKAUS OY;-87.41
SUOMEN PALOPÄÄLLYSTÖLIITTO RY;1578.0
SUOMEN PELASTUSALAN KESKUSJÄRJ;12760.43
SUOMEN PSYKOLOGIKESKUS;49572.0
SUOMEN PUNAINEN RISTI;145.13
SUOMEN PUNAINEN RISTI RANTALAK;65.0
SUOMEN RAK.INS.LIITTO RIL R.Y.;2360.0
SUOMEN RENGAS-HEIKKI OY;1130.0
SUOMEN SAIRAALATUKKU;636.9
SUOMEN SAIRAANHOITAJALIITTO RY;10.5
SUOMEN STANDARDISOIMISLIITTO;2193.81
SUOMEN TALOUSHALLINTOLIITTO RY;345.0
SUOMEN TELAKONE OY;1388.5
SUOMEN TERVEYDENHOITAJALIITTO;200.0
SUOMEN TERVEYSTALO OY;700.0
SUOMEN TIVOLI OY;140.0
SUOMEN TOIMITILAKALUSTE OY;41547.829999999994
SUOMEN TOIMITUSJOHTAJAKOULU OY;23227.260000000002
SUOMEN TYÖKALU OY;33282.4
SUOMEN VALMENTAJAT RY;229.0
SUOMEN VESILAITOSYHDISTYS RY;598.0899999999999
SUOMEN VOITELUAINEKAUPPA OY;1039.0
SUOMEN VUOKRAKONTTI OY;15976.09
SUOMEN VUOKRAMESTARIT OY;140.0
SUOMEN YHTEYSYRITYKSET OY;660.0
SUOMEN YMPÄRISTÖOPISTO SYKLI;2787.55
SUOMEN YRITYSREKISTERI;159.0
SUOMUSSALMEN PUHDASPESU;4598.67
SUONENTIETO OY;1301.6
SUSIRAJA CAMP OY;25.0
SVEA PERINTÄ OY;70.93
SWECO FINLAND OY;48891.78
SYMPA OY;39417.83
SYNSAM FINLAND OY;2626.52
SYÖTTEEN TAKSIPALVELUT OY;1776.0
SÄHI OY;984.0
SÄHKÖ ONASSIS OY;1350.0
SÄHKÖ- JA KONEASENNUS HALMETOJ;177.0
SÄHKÖ- JA TELEURAKOITSIJALII_X;982.26
SÄHKÖ-ARKTIA OY;2712.0
SÄHKÖ-ARTPE OY;500.0
SÄHKÖ-AUTIO OY;3072.0
SÄHKÖ-MATIC OY;7001.4800000000005
SÄHKÖ-VAITTINEN OY;280.26
SÄHKÖHUOLTO TISSARI OY;128.2
SÄHKÖINFO OY;12855.5
SÄHKÖLIIKE SOILA OY;600.0
SÄHKÖTUIKKU OY;269.66
SÄÄSKIPUU OY;3052.0
SÄÄSTÖKUOPPA GROUP OY;1904.69
T MAIJALA OY;2852.0
T-MEDIA OY;4100.0
T-TEK OY;4202.0
TAIDE JA KEHYS PEKKALA OY;320.28
TAIGA KODIT OY;1423.0
TAIKATAHTI OY;216.0
TAIPUU DESIGN OY;1119.3600000000001
TAISTO HIRVONEN OY;8828.29
TAITO POHJOIS-POHJANMAA RY;3698.37
TAITO-MAARIA OY;386.35
TAITONETTI OY;840.0
TAITOREITTI OY;6186.5599999999995
TAIVALKOSKEN HUONEKALU JA VÄRI;1476.3
TAIVALKOSKEN KUNTA;236528.87
TAIVALKOSKEN KUOHU RY;1560.0
TAIVALKOSKEN LASI JA LEVY KOMM;1423.41
TAIVALKOSKEN LEIPOMO KY;417.02
TAIVALKOSKEN YRITTÄJÄT RY;165.32
TAKSI PIIPPONEN OY;591.09
TALENT CENTER OY;3150.0
TALEPOLAR OY;452.0
TALGRAF OY;17477.83
TALOTUKI OULU OY;612.9
TALVEA TARKASTUSPALVELUT OY;1214.0
TAMISY OY;71.41
TAMMED OY;97.5
TAMMER BRANDS OY;2139.08
TAMMIHOLMA OY;2325.5
TAMPEREEN AMMATTIKORKEA-;14100.6
TAMPEREEN KAUPPAKAMARI;450.0
TAMPEREEN KAUPUNKI;6028.0
TAMPEREEN PENLI OY;35.98
TAMPEREEN SÄHKÖPALVELU OY;240.5
TAMREX OY;342.08000000000004
TAMRO OYJ;151.0
TANHUVAARAN PALVELUT OY;1087.27
TANSSIKOULU TANSSIN TAHTI;360.0
TARKEM OY;620.3
TARRASERIF OY;499.4
TARRATALLI OY;1011.0
TARVIKETORI OY;56027.79
TAVO OY;51224.45
TCD CONSULTING AND RESEARCH;23541.53
TEACHER ACADEMY IRELAND LIMITE;580.0
TEAM JUNTUNEN OY;592.0
TEAM KAJAVA OY;2952.0
TEAM KOTISAARI OY;722.0
TEAM VIEWER GMBH;1999.9
TEAMFLOW OY;1650.0
TEATTERI NELIAPILA RY;50.0
TECALEMIT OY;24710.0
TEKSTIILIPALVELU OY;851.0
TELAKKA MEDIAPAJA RY;240.0
TELIA FINLAND OYJ;132157.08
TELINEKATAJA OY;7320.0
TEMOTEK OY;1400.0
TENHUSEN MAANSIIRTO JA KULJETU;492.0
TENNISSEURA KUUSAMON ERÄPALLO;500.0
TENSTAR SIMULATION AB;11494.0
TEPAN REMONTTI JA RAKENNUS OY;880.0
TERAWATT OY;5602.0
TERRAFAME OY;5440.0
TERVAREITTI OY;507.45
TERVARIT JUNIORIT RY;10397.73
TERVETEC OY;571.69
TERVEYSTALO KUNTATURVA OY;1296.0
TERÄ TEKNIIKKA OY;869.25
TERÄS-RENGAS OY;250.64999999999998
TERÄTOIMITUS LEHTINEN OY;1182.01
TEVELLA OY;269.92
THALGO FINLAND OY;104.01
THE SOCIAL BURGER JOINT OY;432.0
THERMO ELECTRON LED GMBH;5745.0199999999995
THINKING PORTFOLIO OY;11100.0
THOMANN GMBH;-1539.83
TIETOKESKUS FINLAND OY;15513.0
TIETOSÄHKÖ OY;128.92000000000002
TIITUS GROUP OY;18000.0
TILIPUSSI KY;348.25
TIMEKO OY;678.0
TIMELLI OY;120.0
TIMO OFFICE OY;552.0
TK OJALA KY;1659.5
TLP KURIIRIT OY;1086.0
TOIVON KUULO OY;225.81
TOJEKSI OY;1260.0
TOKMANNI OY/SÄÄSTÖKUOPPA;134.46
TOMMI KOKKONIEMI OY;16.0
TOMMI O. NISKANEN AY;3879.65
TONI PERÄLÄ OY;1479.51
TOOLS FINLAND OY;320547.56
TOOLX OY;673.9
TOP KATSASTUS / HELPPO RENT OY;844.32
TORIN LIHAMESTARI OY;1217.4
TORMENTA OY;140.0
TORNION HINAUSPALVELU OY;2582.99
TORNION SEURAKUNTA;2694.75
TOTAL SEC OY;1859.82
TOUHU-PALVELUT OY;107.0
TOUHULA ILO OY;280.0
TOUHULA VIRNE OY;108.0
TOYOTA MATERIAL HANDLING;29523.0
TP MAANRAKENNUS OY;1200.0
TRACWEST OY;170.94
TRAFICOM Liikenne-ja viestintä;131759.11
TRAFINO OY;639.9
TRAINERO OY;162.0
TRANSVIA SL;265.0
TREEHOTEL AB;5000.0
TRIMBLE FORESTRY EUROPE OY;11140.0
TRIPLAN OY;16697.03
TTT KUSTANNUS OY;199.09
TULIKIVI OYJ;92.67
TULKA OY;588.59
TULKKAUSILONA OY;250.44
TULLIN PULTTI OY/VISMA FINANCI;12663.87
TUMARESTA OY;557.44
TUNTURIAUTO OY;1390.0
TUOMEN KUKKA JA HAUTAUSPALVELU;717.91
TUOMIOISTUINLAITOS;65.0
TUONTITUKKU FI OY;62.39
TUOPPIS GARAGE OY;1558.91
TUOTANTO- JA TYÖNTEKOYHTIÖ PÅG;450.0
TURKAN RATSURINNE AVOIN YHTIÖ;16.0
TURNER-DOOR OY;23889.82
TURUN HYLLY-JA TRUKKITALO OY;5810.98
TURUN OSUUSKAUPPA;1418.97
TURUSENSAHA;380.0
TURVALLISUUS- JA KEMIKAALIVIRA;610.0
TURVATA OY;968.09
TURVAVYÖ OY;206.45
TUULIA ENERGY OY;492.0
TYNNYRIPUISTON HOTELLI OY;450.92
TYPING MASTER FINLAND OY;848.99
TYRNÄVÄN KUITU OY;527.9200000000001
TYRNÄVÄN KUNTA;350.0
TYÖKALUPALVELU-TOOLSERVIGE GRÖ;20086.28
TYÖKALUTORI OY_saneerauksessa;62.67
TYÖLLISYYSRAHASTO_x;979172.16
TYÖTEHOSEURA RY;300.0
TYÖTERVEYSLAITOS;8923.0
TYÖTURVALLISUUSKESKUS;4696.11
UITTOKALUSTO OY;2167.2599999999998
UKI ARKKITEHDIT OY;27955.0
UKK-INSTITUUTTI;31.82
UKKO.FI.LASKUTUSPALVELU;500.0
ULKOILULIIKE PATIKKA;5640.0
ULOSOTTOLAITOS / Oulun seudun;337.40999999999997
UNITED ROBOTICS GROUP GMBH;1566.27
URALTONE AMPLIFICATION OY;223.5
URKURAKENTAMO MARTTI PORTHAN O;4860.0
US-TUONTI / VEHICLES IMPORT -;3000.0
USKALLA AUTTAA OY;77733.01
UTAJÄRVEN AUTOHUOLTO OY;1522.0
UTAJÄRVEN KUNTA;851.69
UUSI-IIKKALAN MAITO OY;1442.4
UUVA OY;55.16
V-P TOLONEN OY;11396.01
V.E.LIPPONEN OY;986.13
VAAKAEKSPERTTI.FI/VALUE GROUP;2400.5
VAALAN VESI JA LÄMPÖ OY;550.0
VAAROJEN RAKENTAJAT OY;2952.0
VAASAN SÄHKÖ OY;456.99
VAHVUUTTAMO OY;1145.0
VAK HUOLTOPALVELUT OY;3095.85
VAK OY;21000.0
VALCO OY;122.15
VALIDIA OY;2426.0
VALIO OY;179696.04
VALKEAKOSKEN LAAKERI;217.81
VALOKUVAAMO SKOPIX OY;600.0
VALOO OY;95.19
VALTAKUNNALL. VALM.JA LIIKUNTA;720.0
VALTIOKONTTORI;989.5600000000001
VALTTORI OY;647.5
VALU DIGITAL OY;28345.97
VALVIRA SOS- JA TERV.ALAN VALV;3184.99
VAPO TERRA OY;15744.380000000001
VARANGI OY;247.0
VARAOSA T.PAAKKARI OY;861.51
VARSINAIS-SUOMEN ELY-KESKUS;159.36
VARSINAIS-SUOMEN HYVINVOINTIAL;216.0
VASTUU GROUP OY;3511.8199999999997
VAUHTIPYÖRÄ AHOLA OY;720.0
VAURIOPISTE OY;1080.0
VAVESAAREN TILA OY;116.49000000000001
VE HEIKKINEN AY / K-SUPERMARKE;2834.91
VECTOR-SUOMEN VERKKOPELIYHDIST;6821.38
VEHO OY AB;10832.11
VEIJO KINNUNEN OY;54.5
VEIKKO NUMMELA OY;305.4
VEITA TEKNIIKKA OY;500.0
VEKEN KALUSTE OY;510.0
VELIMARK OY;64309.35
VELJEKSET HALONEN OY;199.35
VELJEKSET HOLTINKOSKI OY;18835.510000000002
VELJEKSET KELLOLA OY;6592.0
VELJEKSET KORKALA OY;800.0
VELJEKSET PAUPEK OY;105.28999999999999
VELJEKSET RÖNKÄ OY;6378.72
VELJEKSET TAURIAINEN OY;3842.0
VELJEKSET TOIVANEN OY;262.0
VELMOTEC OY;249.4
VELTOR OY;50.82
VEMTA OY;506.30999999999995
VENI ENERGIA OY;9323.2
VEPSÄLÄINEN OY;1036.0
VERIFONE FINLAND OY;282.9
VERKKOKAUPPA.COM OYJ;28543.19
VEROHALLINTO;2127.3199999999997
VEROHALLINTO / VALMISTEVERO;17069.78
VEROHALLINTO/ALKOHOLIVERO;218.15
VEROHALLINTO/KIINTEISTÖVERO;1979836.96
VERUTUM 0Y;14280.0
VESANTTI OY;66.55
VESIVEK OY;160.0
VESTAS FINLAND OY;900.0
VETMAN OY;757.9
VH TÄHTELÄ;904.0
VIAFIN OT SERVICE OY;2938.0
VIANOR OY;1120.37
VIESTILEHDET OY;999.45
VIESTIMAA OY;3965.8
VIHERRAKENNUS OY / KEIJO;160.0
VIHERRAKENNUS PIHAKUKOT OY;2878.0
VIHILUODON KALA;1080.0
VIINITALO MELKKO OY;1720.9199999999998
VIKING LIFE-SAVING EQUIPMENT;2566.9500000000003
VILLAN POJAT RY;1000.0
VILLANUTTU OY;70.0
VILOMIX FINLAND OY;269.03999999999996
VINK FINLAND OY;400.91
VISIM OY;215.97
VISIOLINK OY;1007.0
VISMA AMILI OY;12.77
VISMA AQUILA OY;170929.82
VISMA DEVENOR OY;20662.46
VISMA PLANDISC A/S;3351.45
VISMA SOLUTIONS OY / VISMA SIG;5394.02
VISUAALIVIESTINNÄN INSTITUUTTI;7494.3
VISUAL EDUCATION LIMITED;486.0
VIVAGO OY;1212.0
VK HIRSI OY;320.0
VKK-MEDIA OY;1942.1
VM PEAT AVOIN YHTIÖ;1044.0
VOICE INTUITIVE OY;5600.0
VOIMISTELU- JA URHEILU-;3000.0
VOLPRO OY / Avarto Finance;755.24
VOLVO CONSTRUCTION EQUIPMENT F;18236.33
VR KUNNOSSAPITO OY;3844.0
VR-YHTYMÄ OY;6565.7
VRJ ETELÄ-SUOMI OY;754.0
VRJ POHJOIS-SUOMI OY;126621.22
VUOKILA WOOD OY;2034.0
VUOKRAUKKO OY;1100.0
VWR INTERNATIONAL OY;15432.56
VÄRISET UUSIMAA OY;784.0
WALKI MEDICAL OY;3022.23
WDC GROUP OY;960.0
WEBROPOL OY;13364.0
WELDTEC OY;582.95
WELLA FINLAND OY;1343.91
WESTPORT FINLAND OY;20853.04
WETTERI OY;13359.18
WETTERI POWER OY;33654.979999999996
WETTERI POWER OY / KOULKORV;1152.0
WETTERI YHTIÖT OY;1566.0
WIHELÄN KONEPAJA OY;1130.0
WIHURI OY;4058.2000000000003
WIHURI OY AARNIO;5538.92
WIKLÖF HOTEL SERVICES OY AB;117.00999999999999
WIKMANS AUTOSERVICE OY AB;253.22
WILHELMIINA PALVELUT OY;1296.0
WILLA PUCK SP. Z. O. O.;8300.0
WILLAN HOUSE OY;700.0
WINFRA OY;1476.0
WINNOVA / LÄNSIRANNIKON;3570.0
WITRE OY;649.0
WOODIM FINLAND OY;8828.71
WORKER ETELÄ-SUOMI OY;738.0
WORKER OULU OY OULU;940.0
WORKER POHJOIS-SUOMI OY;2260.0
WORKSEED OY;-200.0
WOYZECK OY;250.0
WSP FINLAND OY;25957.29
WULFF OY AB;3477.94
WURTH ELEKTRONIK;72.46
WURTH OY;133564.03
WÄRTSILÄ FINLAND OY;350.0
XARXA FP;800.0
XPRESS-SERVICE OY;4544.0
XXL SPORTS & OUTDOOR OY;300.0
Y-L SERVICE OY;662.0
YIT BUSINESS PREMISES OY;297364.64
YIT HOUSING OY;904.0
YKKÖS- JA ONNIKODIT OY HELSINK;400.0
YKSITYISHENKILÖ;1081302.39
YLEISELEKTRONIIKKA OYJ;10004.82
YLI-IIN PUU JA TURVE AVOINYHTI;5845.83
YLIPÄÄN KONEURAKOINTI OY;492.0
YLÄ-KAINUUN KONEJA VARAOSA OY;160.0
YMPÄRISTÖKUSTANNUS OY;289.09000000000003
YRITTÄJIEN KOULUTUSKESKUS OY;290.0
Yksityinen elinkeinoharjoittaja;135161.16
YÖPUU YHTIÖ OY;286.77
ZABALA INNOVATION CONSULTING S;3443.01
ZEF OY;2999.0
ZEMPPI AREENA OY;83684.0
ZESPOL SZKOL LICEALNYCH ITECHN;14000.0
ZONER OY;58.56
pohjois-suomen peltikate oy;2214.0
ÄIMÄN LOUNAS- JA CATERING PALV;1203.32
ÄMMÄN LEIPÄ OY;2472.86
ÄÄNEKOSKEN AMMATILLISEN KOULUT;50.0
